,Composition,Environment,PH,[Cl-],[SO42-],VEC,σVEC,ΔSmix,ΔHmix,Ω,δ,rbar,Δχ,χbar,e/a,Tm,σT,Ec,Al,Co,Cr,Fe,Ni,Cu,Ti,V,Si,Mn,Mo,Nb,Hf,Ta,Zr,C,Sn,P,B,W,Y,icorr
0,Fe0.250 Co0.250 Ni0.250 Cr0.250 ,0,7,0.6128,0,8.25,1.479019946,11.52629192,-3.75,5749.314412,1.206935347,1.2545,0.096695398,1.82,1.04,1870.5,0.096779969,4.3025,0,0.25,0.25,0.25,0.25,0,0,0,0,0,0,0,0,0,0,0,0,0,0,0,0,7.501689446
1,Fe0.222 Co0.222 Ni0.222 Cr0.222 Cu0.111 ,0,7,0.6128,0,8.555555556,1.640535896,13.14594406,0.49382716,48277.14197,1.278516041,1.257111111,0.094568546,1.828888889,1.035555556,1813.53,0.12942799,4.212222222,0,0.222222222,0.222222222,0.222222222,0.222222222,0.111111111,0,0,0,0,0,0,0,0,0,0,0,0,0,0,0,6.140861703
2,Fe0.200 Co0.200 Ni0.200 Cr0.200 Cu0.200 ,0,7,0.6128,0,8.8,1.720465053,13.38161053,3.2,7393.147455,1.309176051,1.2592,0.092217135,1.836,1.032,1767.954,0.147799736,4.14,0,0.2,0.2,0.2,0.2,0.2,0,0,0,0,0,0,0,0,0,0,0,0,0,0,0,5.879426069
3,Cu0.077 Ni0.154 Al0.154 Co0.154 Cr0.154 Fe0.154 Si0.154 ,0,7,1,0,7,2.717464882,16.00634718,-22.57988166,1175.345025,6.325582212,1.268,0.117574099,1.806153846,1.795384615,1658.039231,0.222230456,4.15,0.153846154,0.153846154,0.153846154,0.153846154,0.153846154,0.076923077,0,0,0.153846154,0,0,0,0,0,0,0,0,0,0,0,0,5.500312917
4,Fe0.200 Co0.200 Ni0.200 Cr0.200 Mn0.200 ,0,7,0.6128,0,8,1.414213562,13.38161053,-4.16,5789.476592,1.184342733,1.2576,0.138361844,1.766,1.042,1799.8,0.119439058,4.026,0,0.2,0.2,0.2,0.2,0,0,0,0,0.2,0,0,0,0,0,0,0,0,0,0,0,5.950781977
5,Fe0.333 Co0.333 Ni0.333 ,0,7,0.6128,0,9,0.816496581,9.134370237,-1.333333333,12107.60775,0.327647103,1.246,0.032998316,1.873333333,1.08,1767.333333,0.018943613,4.37,0,0.333333333,0,0.333333333,0.333333333,0,0,0,0,0,0,0,0,0,0,0,0,0,0,0,0,5.444905551
6,Fe0.286 Co0.286 Ni0.286 Cr0.143 ,0,7,0.6128,0,8.571428571,1.293626448,11.23935679,-2.93877551,6984.635835,0.997992338,1.250857143,0.080660538,1.842857143,1.057142857,1826.285714,0.080870399,4.331428571,0,0.285714286,0.142857143,0.285714286,0.285714286,0,0,0,0,0,0,0,0,0,0,0,0,0,0,0,0,5.627087997
7,Fe0.250 Co0.250 Ni0.250 Cr0.250 ,0,7,0.6128,0,8.25,1.479019946,11.52629192,-3.75,5749.314412,1.206935347,1.2545,0.096695398,1.82,1.04,1870.5,0.096779969,4.3025,0,0.25,0.25,0.25,0.25,0,0,0,0,0,0,0,0,0,0,0,0,0,0,0,0,5.151810883
8,Hf0.125 Nb0.125 Ta0.125 Ti0.375 Zr0.250 ,0,7,0.6128,0,4.25,0.433012702,12.42326256,1.875,15370.88865,4.788305286,1.503625,0.11169154,1.46,1.38125,2319.875,0.194907622,6.145,0,0,0,0,0,0,0.375,0,0,0,0,0.125,0.125,0.125,0.25,0,0,0,0,0,0,6.468521083
9,Al0.250 Ti0.250 V0.250 Cr0.250 ,0,7,0.6,0,4.5,1.118033989,11.52629192,-16.75,1240.258257,5.258589368,1.3785,0.044158804,1.61,1.4925,1802.3425,0.28357415,4.4125,0.25,0,0.25,0,0,0,0.25,0.25,0,0,0,0,0,0,0,0,0,0,0,0,0,7.48148606
10,Al0.125 Ti0.250 V0.250 Cr0.250 Nb0.125 ,0,7,0.6128,0,4.75,0.968245837,12.96707842,-11.625,2262.458196,5.24039372,1.378125,0.044282474,1.60875,1.28125,2028.29625,0.23433528,4.935,0.125,0,0.25,0,0,0,0.25,0.25,0,0,0,0.125,0,0,0,0,0,0,0,0,0,7.050122296
11,Fe0.250 Co0.250 Ni0.250 Cr0.250 ,0,7,0.6,0,8.25,1.479019946,11.52629192,-3.75,5749.314412,1.206935347,1.2545,0.096695398,1.82,1.04,1870.5,0.096779969,4.3025,0,0.25,0.25,0.25,0.25,0,0,0,0,0,0,0,0,0,0,0,0,0,0,0,0,
12,Fe0.200 Co0.200 Ni0.200 Cr0.200 Al0.200 ,0,7,0.6,0,7.2,2.481934729,13.38161053,-12.32,1828.103957,5.603101633,1.29,0.120565335,1.778,1.434,1683.074,0.24260764,4.12,0.2,0.2,0.2,0.2,0.2,0,0,0,0,0,0,0,0,0,0,0,0,0,0,0,0,
13,Fe0.200 Co0.200 Ni0.200 Cr0.200 Cu0.200 ,0,7,0.6,0,8.8,1.720465053,13.38161053,3.2,7393.147455,1.309176051,1.2592,0.092217135,1.836,1.032,1767.954,0.147799736,4.14,0,0.2,0.2,0.2,0.2,0.2,0,0,0,0,0,0,0,0,0,0,0,0,0,0,0,
14,Fe0.200 Co0.200 Ni0.200 Cr0.200 Sn0.200 ,0,7,0.6,0,7.4,2.154065923,13.38161053,0.32,66799.82885,11.05949708,1.3276,0.103033975,1.848,1.626,1597.412,0.356621086,4.07,0,0.2,0.2,0.2,0.2,0,0,0,0,0,0,0,0,0,0,0,0.2,0,0,0,0,
15,Cr0.250 Fe0.375 Mn0.250 Ni0.125 ,1,0,0,0.5,7.5,1.224744871,10.98247607,-2.125,9395.83129,1.336548967,1.258625,0.130838641,1.7275,1.03125,1818,0.130754392,3.915,0,0,0.25,0.375,0.125,0,0,0,0,0.25,0,0,0,0,0,0,0,0,0,0,0,3.163675884
16,Cr0.233 Fe0.349 Mn0.233 Ni0.116 Al0.070 ,1,0,0,0.5,7.186046512,1.646077988,12.32012315,-5.505678745,3930.052395,3.702922921,1.27072093,0.129693652,1.719302326,1.169302326,1756.281628,0.183049174,3.878372093,0.069767442,0,0.23255814,0.348837209,0.11627907,0,0,0,0,0.23255814,0,0,0,0,0,0,0,0,0,0,0,2.621602099
17,Cr0.222 Fe0.333 Mn0.222 Ni0.111 Al0.111 ,1,0,0,0.5,7,1.825741858,12.66255219,-7.259259259,2999.739878,4.440751664,1.277888889,0.128764308,1.714444444,1.251111111,1719.707778,0.2076505,3.856666667,0.111111111,0,0.222222222,0.333333333,0.111111111,0,0,0,0,0.222222222,0,0,0,0,0,0,0,0,0,0,0,2.294136288
18,Fe0.250 Co0.250 Ni0.250 Cr0.250 ,1,0,0,0.5,8.25,1.479019946,11.52629192,-3.75,5749.314412,1.206935347,1.2545,0.096695398,1.82,1.04,1870.5,0.096779969,4.3025,0,0.25,0.25,0.25,0.25,0,0,0,0,0,0,0,0,0,0,0,0,0,0,0,0,4.801342913
19,Fe0.235 Co0.235 Ni0.235 Cr0.235 Al0.059 ,1,0,0,0.5,7.941176471,1.893350228,12.70837022,-6.75432526,3415.656333,3.499966111,1.264941176,0.106026046,1.807647059,1.155882353,1815.374706,0.15528105,4.248823529,0.058823529,0.235294118,0.235294118,0.235294118,0.235294118,0,0,0,0,0,0,0,0,0,0,0,0,0,0,0,0,4.777283529
20,Fe0.222 Co0.222 Ni0.222 Cr0.222 Al0.111 ,1,0,0,0.5,7.666666667,2.160246899,13.14594406,-9.086419753,2555.534553,4.518868938,1.274222222,0.112546287,1.796666667,1.258888889,1766.374444,0.192706503,4.201111111,0.111111111,0.222222222,0.222222222,0.222222222,0.222222222,0,0,0,0,0,0,0,0,0,0,0,0,0,0,0,0,4.872895202
21,Fe0.200 Co0.200 Ni0.200 Cr0.200 Al0.200 ,1,0,0,0.5,7.2,2.481934729,13.38161053,-12.32,1828.103957,5.603101633,1.29,0.120565335,1.778,1.434,1683.074,0.24260764,4.12,0.2,0.2,0.2,0.2,0.2,0,0,0,0,0,0,0,0,0,0,0,0,0,0,0,0,4.882728704
22,Fe0.200 Co0.200 Ni0.200 Cr0.200 Cu0.100 Al0.100 ,0,7,0.6,0,8,2.28035085,14.53423972,-4.6,5451.963937,4.286627166,1.2746,0.111180034,1.807,1.233,1725.514,0.200176407,4.13,0.1,0.2,0.2,0.2,0.2,0.1,0,0,0,0,0,0,0,0,0,0,0,0,0,0,0,5.882728704
23,Fe0.182 Co0.182 Ni0.182 Cr0.182 Cu0.091 Al0.182 ,0,7,0.6,0,7.545454545,2.606412943,14.69798576,-7.933884298,3063.207366,5.353564157,1.288909091,0.120185807,1.789090909,1.394545455,1653.500909,0.242151977,4.062727273,0.181818182,0.181818182,0.181818182,0.181818182,0.181818182,0.090909091,0,0,0,0,0,0,0,0,0,0,0,0,0,0,0,6.085656843
24,Fe0.167 Co0.167 Ni0.167 Cr0.167 Cu0.083 Al0.250 ,0,7,0.6,0,7.166666667,2.793842436,14.53497229,-10.13888889,2284.405447,5.919102249,1.300833333,0.125263611,1.774166667,1.529166667,1593.49,0.271066337,4.006666667,0.25,0.166666667,0.166666667,0.166666667,0.166666667,0.083333333,0,0,0,0,0,0,0,0,0,0,0,0,0,0,0,4.728158393
25,Co0.222 Cr0.222 Fe0.222 Ni0.222 Ti0.111 ,1,0,0,0.5,7.777777778,1.930905244,13.14594406,-11.55555556,2135.8367,5.225222982,1.277555556,0.126705647,1.788888889,1.051111111,1877.444444,0.091507551,4.363333333,0,0.222222222,0.222222222,0.222222222,0.222222222,0,0.111111111,0,0,0,0,0,0,0,0,0,0,0,0,0,0,3.318758763
26,Co0.200 Cr0.200 Fe0.200 Ni0.200 Ti0.100 Al0.100 ,1,0,0,0.5,7.3,2.32594067,14.53423972,-15.52,1669.786545,6.068762738,1.293,0.13163966,1.771,1.247,1783.037,0.183266035,4.266,0.1,0.2,0.2,0.2,0.2,0,0.1,0,0,0,0,0,0,0,0,0,0,0,0,0,0,4.494850022
27,Co0.182 Cr0.182 Fe0.182 Ni0.182 Ti0.091 Al0.182 ,1,0,0,0.5,6.909090909,2.538952735,14.69798576,-17.91735537,1399.299362,6.496440304,1.305636364,0.133775438,1.756363636,1.407272727,1705.794545,0.232090305,4.186363636,0.181818182,0.181818182,0.181818182,0.181818182,0.181818182,0,0.090909091,0,0,0,0,0,0,0,0,0,0,0,0,0,0,6.244125144
28,Fe0.250 Co0.250 Ni0.250 Cu0.250 ,0,7,0.6128,0,9.5,1.118033989,11.52629192,5,3838.122659,1.14037876,1.254,0.03082207,1.88,1.06,1664.9425,0.107932031,4.15,0,0.25,0,0.25,0.25,0.25,0,0,0,0,0,0,0,0,0,0,0,0,0,0,0,6.022733788
29,Fe0.248 Co0.248 Ni0.248 Cu0.248 Sn0.007 ,0,7,0.6128,0,9.459057072,1.21004321,11.80545351,5.029277934,3887.927649,2.748107925,1.256724566,0.031467699,1.880595533,1.081662531,1656.308139,0.123720957,4.14248139,0,0.248138958,0,0.248138958,0.248138958,0.248138958,0,0,0,0,0,0,0,0,0,0,0.007444169,0,0,0,0,5.490797478
30,Fe0.244 Co0.244 Ni0.244 Cu0.244 Sn0.022 ,0,7,0.6128,0,9.378973105,1.368756479,12.15184867,5.083661623,3918.824282,4.399430548,1.26205379,0.032662328,1.881760391,1.12403423,1639.419413,0.150075535,4.127775061,0,0.244498778,0,0.244498778,0.244498778,0.244498778,0,0,0,0,0,0,0,0,0,0,0.02200489,0,0,0,0,5.692503962
31,Fe0.244 Co0.244 Ni0.244 Cr0.244 Al0.024 ,0,7,0.6128,0,8.12195122,1.67033109,12.198543,-5.0446163,4467.843206,2.47839292,1.258829268,0.100852995,1.814878049,1.08804878,1847.643171,0.124446254,4.280243902,0.024390244,0.243902439,0.243902439,0.243902439,0.243902439,0,0,0,0,0,0,0,0,0,0,0,0,0,0,0,0,6.346787486
32,Al0.091 Fe0.303 Co0.303 Ni0.303 ,0,7,0.6128,0,8.454545455,1.892423636,10.83685823,-6.831955923,2683.089033,4.245177482,1.262909091,0.081980759,1.849393939,1.255454545,1691.518485,0.142985961,4.280909091,0.090909091,0.303030303,0,0.303030303,0.303030303,0,0,0,0,0,0,0,0,0,0,0,0,0,0,0,0,6.299296283
33,Al0.079 Cr0.132 Fe0.263 Co0.263 Ni0.263 ,0,7,0.6128,0,8.131578947,1.948968049,12.6484181,-7.229916898,3071.68067,3.975325833,1.265157895,0.099675721,1.824473684,1.211315789,1755.792368,0.159132392,4.257105263,0.078947368,0.263157895,0.131578947,0.263157895,0.263157895,0,0,0,0,0,0,0,0,0,0,0,0,0,0,0,0,6.995678626
34,Al0.070 Cr0.233 Fe0.233 Co0.233 Ni0.233 ,0,7,0.6128,0,7.88372093,1.955425396,12.82599837,-7.268793943,3185.1847,3.750819363,1.266883721,0.107516334,1.805348837,1.17744186,1805.118837,0.163851156,4.238837209,0.069767442,0.23255814,0.23255814,0.23255814,0.23255814,0,0,0,0,0,0,0,0,0,0,0,0,0,0,0,0,7.113509275
35,Al0.062 Cr0.312 Fe0.208 Co0.208 Ni0.208 ,0,7,0.6128,0,7.6875,1.938171926,12.61433915,-7.135416667,3260.212232,3.56031325,1.26825,0.111027204,1.790208333,1.150625,1844.168958,0.164008855,4.224375,0.0625,0.208333333,0.3125,0.208333333,0.208333333,0,0,0,0,0,0,0,0,0,0,0,0,0,0,0,0,7.244125144
36,Al0.057 Cr0.377 Fe0.189 Co0.189 Ni0.189 ,0,7,0.6128,0,7.528301887,1.909299719,12.25793873,-6.920612318,3322.548235,3.396051422,1.269358491,0.11230616,1.777924528,1.128867925,1875.851132,0.1621227,4.212641509,0.056603774,0.188679245,0.377358491,0.188679245,0.188679245,0,0,0,0,0,0,0,0,0,0,0,0,0,0,0,0,7.853871964
37,Al0.164 Co0.164 Cr0.164 Fe0.164 Ni0.344 ,1,0.699,0,0.1,7.704918033,2.491587566,12.91125979,-11.94302607,1827.89089,5.271988128,1.282065574,0.120375208,1.801803279,1.384590164,1690.814754,0.218858826,4.177704918,0.163934426,0.163934426,0.163934426,0.163934426,0.344262295,0,0,0,0,0,0,0,0,0,0,0,0,0,0,0,0,4.718966633
38,Al0.164 Co0.164 Cr0.164 Fe0.164 Ni0.344 ,1,0,0,0.5,7.704918033,2.491587566,12.91125979,-11.94302607,1827.89089,5.271988128,1.282065574,0.120375208,1.801803279,1.384590164,1690.814754,0.218858826,4.177704918,0.163934426,0.163934426,0.163934426,0.163934426,0.344262295,0,0,0,0,0,0,0,0,0,0,0,0,0,0,0,0,4.406713933
39,Al0.120 Cr0.200 Fe0.200 Ni0.480 ,0,7,0.6128,0,7.96,2.391317628,10.39733457,-10.7008,1688.793831,4.707160608,1.27412,0.119063009,1.808,1.312,1738.0844,0.197481568,4.214,0.12,0,0.2,0.2,0.48,0,0,0,0,0,0,0,0,0,0,0,0,0,0,0,0,7.30980392
40,Al0.160 Cr0.200 Fe0.200 Ni0.440 ,0,7,0.6128,0,7.68,2.541180828,10.79399801,-12.2112,1508.341006,5.238501478,1.28156,0.123223374,1.796,1.386,1706.3792,0.221382883,4.172,0.16,0,0.2,0.2,0.44,0,0,0,0,0,0,0,0,0,0,0,0,0,0,0,0,6.612610174
41,Al0.200 Cr0.200 Fe0.200 Ni0.400 ,0,7,0.6128,0,7.4,2.653299832,11.07635214,-13.44,1380.154683,5.651283244,1.289,0.126111062,1.784,1.46,1674.674,0.242986233,4.13,0.2,0,0.2,0.2,0.4,0,0,0,0,0,0,0,0,0,0,0,0,0,0,0,0,6.338187314
42,Al0.164 Co0.164 Cr0.164 Fe0.164 Ni0.344 ,0,7,0.6128,0,7.704918033,2.491587566,12.91125979,-11.94302607,1827.89089,5.271988128,1.282065574,0.120375208,1.801803279,1.384590164,1690.814754,0.218858826,4.177704918,0.163934426,0.163934426,0.163934426,0.163934426,0.344262295,0,0,0,0,0,0,0,0,0,0,0,0,0,0,0,0,6.060480747
43,Al0.164 Cr0.164 Fe0.164 Ni0.508 ,0,7,0.6128,0,7.868852459,2.601861943,10.25434191,-12.69551196,1360.133328,5.30665015,1.281245902,0.124026984,1.806721311,1.405901639,1683.929508,0.219093858,4.185901639,0.163934426,0,0.163934426,0.163934426,0.508196721,0,0,0,0,0,0,0,0,0,0,0,0,0,0,0,0,6.387216143
44,Al0.164 Cr0.164 Fe0.328 Ni0.344 ,0,7,0.6128,0,7.540983607,2.433197791,11.02170373,-11.10454179,1684.710014,5.345084543,1.28042623,0.11640845,1.793606557,1.387868852,1697.372131,0.218991492,4.159672131,0.163934426,0,0.163934426,0.327868852,0.344262295,0,0,0,0,0,0,0,0,0,0,0,0,0,0,0,0,5.452225295
45,Al0.164 Co0.164 Cr0.164 Fe0.164 Ni0.344 ,0,7,0.6128,0,7.704918033,2.491587566,12.91125979,-11.94302607,1827.89089,5.271988128,1.282065574,0.120375208,1.801803279,1.384590164,1690.814754,0.218858826,4.177704918,0.163934426,0.163934426,0.163934426,0.163934426,0.344262295,0,0,0,0,0,0,0,0,0,0,0,0,0,0,0,0,5.829738285
46,Al0.167 Cr0.167 Fe0.167 Ni0.500 ,0,7,0.6128,0,7.833333333,2.608745974,10.33033108,-12.77777778,1360.823945,5.33624717,1.281833333,0.124331546,1.805,1.41,1683.228333,0.22098017,4.181666667,0.166666667,0,0.166666667,0.166666667,0.5,0,0,0,0,0,0,0,0,0,0,0,0,0,0,0,0,6.019542108
47,Al0.161 Cr0.161 Fe0.161 Ni0.484 Cu0.032 ,0,7,0.6128,0,7.935483871,2.626606837,11.18195423,-11.21748179,1667.431875,5.250245529,1.281709677,0.123456127,1.808064516,1.396774194,1672.729677,0.221435881,4.159354839,0.161290323,0,0.161290323,0.161290323,0.483870968,0.032258065,0,0,0,0,0,0,0,0,0,0,0,0,0,0,0,6.326979093
48,Al0.156 Cr0.156 Fe0.156 Ni0.469 Cu0.062 ,0,7,0.6128,0,8.03125,2.639654037,11.62853727,-9.82421875,1968.293473,5.168272161,1.28159375,0.122560173,1.8109375,1.384375,1662.887188,0.221701515,4.1384375,0.15625,0,0.15625,0.15625,0.46875,0.0625,0,0,0,0,0,0,0,0,0,0,0,0,0,0,0,6.869666232
49,Al0.152 Cr0.152 Fe0.152 Ni0.455 Cu0.091 ,0,7,0.6128,0,8.121212121,2.648699804,11.92409536,-8.576675849,2299.046373,5.090022119,1.281484848,0.121650722,1.813636364,1.372727273,1653.641212,0.221803952,4.118787879,0.151515152,0,0.151515152,0.151515152,0.454545455,0.090909091,0,0,0,0,0,0,0,0,0,0,0,0,0,0,0,6.525783736
50,Al0.147 Cr0.147 Fe0.147 Ni0.441 Cu0.118 ,0,7,0.6128,0,8.205882353,2.654401581,12.12658396,-7.456747405,2675.092938,5.015221827,1.281382353,0.120733413,1.816176471,1.361764706,1644.939118,0.221765933,4.100294118,0.147058824,0,0.147058824,0.147058824,0.441176471,0.117647059,0,0,0,0,0,0,0,0,0,0,0,0,0,0,0,6.250263684
51,Al0.143 Cr0.143 Fe0.143 Ni0.429 Cu0.143 ,0,7,0.6128,0,8.285714286,2.657296463,12.26446608,-6.448979592,3112.689666,4.943625044,1.281285714,0.119812779,1.818571429,1.351428571,1636.734286,0.22160679,4.082857143,0.142857143,0,0.142857143,0.142857143,0.428571429,0.142857143,0,0,0,0,0,0,0,0,0,0,0,0,0,0,0,6.102372909
52,Al0.196 Co0.196 Cr0.196 Fe0.196 Ni0.196 Si0.020 ,0,7,0.6128,0,7.137254902,2.497211055,13.9216461,-14.44059977,1622.587757,5.751953801,1.287313725,0.120569901,1.780392157,1.484313725,1683.072549,0.240217566,4.13,0.196078431,0.196078431,0.196078431,0.196078431,0.196078431,0,0,0,0.019607843,0,0,0,0,0,0,0,0,0,0,0,0,6.494850022
53,Al0.196 Co0.196 Cr0.196 Fe0.196 Ni0.196 Si0.020 ,1,0,0,0.5,7.137254902,2.497211055,13.9216461,-14.44059977,1622.587757,5.751953801,1.287313725,0.120569901,1.780392157,1.484313725,1683.072549,0.240217566,4.13,0.196078431,0.196078431,0.196078431,0.196078431,0.196078431,0,0,0,0.019607843,0,0,0,0,0,0,0,0,0,0,0,0,3.517126416
54,Fe0.200 Co0.200 Ni0.200 Cr0.200 Al0.200 ,1,0,0,0.5,7.2,2.481934729,13.38161053,-12.32,1828.103957,5.603101633,1.29,0.120565335,1.778,1.434,1683.074,0.24260764,4.12,0.2,0.2,0.2,0.2,0.2,0,0,0,0,0,0,0,0,0,0,0,0,0,0,0,0,4.259637311
55,Fe0.269 Ni0.253 Cr0.239 Al0.239 ,0,7,0.6128,0,6.833930705,2.565723042,11.51624443,-12.93234499,1484.576207,5.934072526,1.297224612,0.121545841,1.757072879,1.515137395,1667.127838,0.266717228,4.064850657,0.238948626,0,0.238948626,0.268817204,0.253285544,0,0,0,0,0,0,0,0,0,0,0,0,0,0,0,0,8.033389013
56,Fe0.265 Ni0.265 Cr0.235 Al0.235 ,0,7,0.6128,0,6.882352941,2.575503445,11.51189874,-12.98961938,1478.270577,5.911996124,1.296441176,0.122064139,1.759411765,1.509705882,1668.028235,0.264562357,4.070588235,0.235294118,0,0.235294118,0.264705882,0.264705882,0,0,0,0,0,0,0,0,0,0,0,0,0,0,0,0,7.197910742
57,Fe0.250 Ni0.250 Cr0.250 Al0.250 ,0,7,0.6128,0,6.75,2.586020108,11.52629192,-13.25,1445.651456,5.986927124,1.29975,0.122142335,1.7525,1.535,1661.8425,0.273219507,4.0525,0.25,0,0.25,0.25,0.25,0,0,0,0,0,0,0,0,0,0,0,0,0,0,0,0,6.723538196
58,Fe0.241 Cr0.241 Ni0.241 Co0.241 Nb0.036 ,0,7,0.6128,0,8.13253012,1.573661867,12.40250798,-6.201190303,3803.966777,2.839621494,1.260807229,0.103432174,1.812048193,1.050120482,1901.963855,0.126607004,4.42060241,0,0.240963855,0.240963855,0.240963855,0.240963855,0,0,0,0,0,0,0.036144578,0,0,0,0,0,0,0,0,0,5.950781977
59,Fe0.233 Cr0.233 Ni0.233 Co0.233 Nb0.070 ,0,7,0.6128,0,8.023255814,1.6493603,12.82599837,-8.307193077,2981.751526,3.694069266,1.266674419,0.108806396,1.804651163,1.059534884,1931.232558,0.146148907,4.530465116,0,0.23255814,0.23255814,0.23255814,0.23255814,0,0,0,0,0,0,0.069767442,0,0,0,0,0,0,0,0,0,6.148741651
60,Fe0.225 Cr0.225 Ni0.225 Co0.225 Nb0.101 ,0,7,0.6128,0,7.921348315,1.710671851,13.08407046,-10.11993435,2532.182387,4.2867469,1.272146067,0.113154491,1.797752809,1.068314607,1958.52809,0.160113246,4.632921348,0,0.224719101,0.224719101,0.224719101,0.224719101,0,0,0,0,0,0,0.101123596,0,0,0,0,0,0,0,0,0,6.113509275
61,Fe0.250 Cr0.250 Ni0.250 Co0.250 ,0,7,1,0,8.25,1.479019946,11.52629192,-3.75,5749.314412,1.206935347,1.2545,0.096695398,1.82,1.04,1870.5,0.096779969,4.3025,0,0.25,0.25,0.25,0.25,0,0,0,0,0,0,0,0,0,0,0,0,0,0,0,0,6.552841969
62,Fe0.238 Cr0.238 Ni0.238 Co0.238 Nb0.048 ,0,7,1,0,8.095238095,1.600736792,12.56917544,-6.93877551,3463.387003,3.16684436,1.262809524,0.105355461,1.80952381,1.053333333,1911.952381,0.133935644,4.458095238,0,0.238095238,0.238095238,0.238095238,0.238095238,0,0,0,0,0,0,0.047619048,0,0,0,0,0,0,0,0,0,4.910094889
63,Fe0.227 Cr0.227 Ni0.227 Co0.227 Nb0.091 ,0,7,1,0,7.954545455,1.691617642,13.01133249,-9.545454545,2657.533682,4.109149164,1.270363636,0.111803399,1.8,1.065454545,1949.636364,0.155927552,4.599545455,0,0.227272727,0.227272727,0.227272727,0.227272727,0,0,0,0,0,0,0.090909091,0,0,0,0,0,0,0,0,0,4.675717545
64,Fe0.217 Cr0.217 Ni0.217 Co0.217 Nb0.130 ,0,7,1,0,7.826086957,1.760735368,13.24232516,-11.68241966,2248.964653,4.732045774,1.27726087,0.116704918,1.791304348,1.076521739,1984.043478,0.17050806,4.728695652,0,0.217391304,0.217391304,0.217391304,0.217391304,0,0,0,0,0,0,0.130434783,0,0,0,0,0,0,0,0,0,4.139661993
65,Fe0.200 Cr0.200 Ni0.200 Co0.200 Nb0.200 ,0,7,1,0,7.6,1.854723699,13.38161053,-14.88,1838.712425,5.514318088,1.2894,0.123385575,1.776,1.096,2044.6,0.187814242,4.956,0,0.2,0.2,0.2,0.2,0,0,0,0,0,0,0.2,0,0,0,0,0,0,0,0,0,4.920818754
66,Co0.213 Fe0.426 Ni0.213 V0.106 Mo0.043 ,0,7,0.6128,0,8.234042553,1.461750131,11.59727816,-5.830692621,3711.441453,3.183226209,1.26106383,0.101812457,1.850425532,1.067659574,1865.978723,0.133345286,4.555106383,0,0.212765957,0,0.425531915,0.212765957,0,0,0.106382979,0,0,0.042553191,0,0,0,0,0,0,0,0,0,0,5.370590401
67,Co0.204 Fe0.408 Ni0.204 V0.102 Mo0.041 Nb0.040 ,0,7,0.6128,0,8.104104104,1.566405695,12.53327509,-8.274653031,2879.699722,4.047784298,1.267813814,0.111263506,1.84046046,1.077827828,1901.22022,0.156955005,4.676276276,0,0.204204204,0,0.408408408,0.204204204,0,0,0.102102102,0,0,0.041041041,0.04004004,0,0,0,0,0,0,0,0,0,5.49757288
68,Co0.196 Fe0.392 Ni0.196 V0.098 Mo0.039 Nb0.080 ,0,7,0.6128,0,7.976023976,1.653689779,12.98368542,-10.48736678,2396.463206,4.67779692,1.27445954,0.118866515,1.83034965,1.087762238,1935.705295,0.173732907,4.795604396,0,0.195804196,0,0.391608392,0.195804196,0,0,0.097902098,0,0,0.038961039,0.07992008,0,0,0,0,0,0,0,0,0,5.484126156
69,Co0.187 Fe0.374 Ni0.187 V0.094 Mo0.037 Nb0.120 ,0,7,0.6128,0,7.844844845,1.728565558,13.25460963,-12.50221593,2089.429632,5.174574133,1.281224224,0.125377859,1.82011011,1.097757758,1970.823824,0.186478995,4.916726727,0,0.187187187,0,0.374374374,0.187187187,0,0,0.094094094,0,0,0.037037037,0.12012012,0,0,0,0,0,0,0,0,0,5.14691047
70,Al0.070 Cr0.233 Fe0.233 Co0.233 Ni0.233 ,0,7,0.6128,0,7.88372093,1.955425396,12.82599837,-7.268793943,3185.1847,3.750819363,1.266883721,0.107516334,1.805348837,1.17744186,1805.118837,0.163851156,4.238837209,0.069767442,0.23255814,0.23255814,0.23255814,0.23255814,0,0,0,0,0,0,0,0,0,0,0,0,0,0,0,0,6.221125528
71,Al0.066 Cr0.220 Fe0.220 Co0.220 Ni0.220 Nb0.055 ,0,7,0.6128,0,7.725274725,2.011319255,13.89080617,-10.52046854,2451.302372,4.63628969,1.275791209,0.114517411,1.794065934,1.185274725,1856.540879,0.192824552,4.421868132,0.065934066,0.21978022,0.21978022,0.21978022,0.21978022,0,0,0,0,0,0,0.054945055,0,0,0,0,0,0,0,0,0,6.334419009
72,Al0.065 Cr0.215 Fe0.215 Co0.215 Ni0.215 Nb0.075 ,0,7,0.6128,0,7.666666667,2.028471183,14.08105502,-11.61567811,2273.641236,4.893237475,1.279086022,0.116724974,1.789892473,1.188172043,1875.561505,0.200815898,4.489569892,0.064516129,0.215053763,0.215053763,0.215053763,0.215053763,0,0,0,0,0,0,0.075268817,0,0,0,0,0,0,0,0,0,6.649751982
73,Al0.064 Cr0.213 Fe0.213 Co0.213 Ni0.213 Nb0.085 ,0,7,0.6128,0,7.638297872,2.036115742,14.15449061,-12.12494341,2200.252345,5.007225054,1.280680851,0.11772554,1.78787234,1.189574468,1884.768298,0.204275084,4.522340426,0.063829787,0.212765957,0.212765957,0.212765957,0.212765957,0,0,0,0,0,0,0.085106383,0,0,0,0,0,0,0,0,0,6.920818754
74,Al0.063 Cr0.211 Fe0.211 Co0.211 Ni0.211 Nb0.095 ,0,7,0.6128,0,7.610526316,2.043190162,14.21634253,-12.61030471,2134.971656,5.112885421,1.282242105,0.118663565,1.785894737,1.190947368,1893.781263,0.207427403,4.554421053,0.063157895,0.210526316,0.210526316,0.210526316,0.210526316,0,0,0,0,0,0,0.094736842,0,0,0,0,0,0,0,0,0,6.93930216
75,Al0.062 Cr0.208 Fe0.208 Co0.208 Ni0.208 Nb0.104 ,0,7,0.6128,0,7.583333333,2.049728979,14.26817444,-13.07291667,2076.561913,5.211030946,1.283770833,0.119543221,1.783958333,1.192291667,1902.606458,0.210304138,4.585833333,0.0625,0.208333333,0.208333333,0.208333333,0.208333333,0,0,0,0,0,0,0.104166667,0,0,0,0,0,0,0,0,0,6.450996738
76,Al0.059 Cr0.198 Fe0.198 Co0.198 Ni0.198 Nb0.149 ,0,7,0.6128,0,7.455445545,2.075432688,14.41425448,-15.08087442,1858.17554,5.610600621,1.290960396,0.12318877,1.774851485,1.198613861,1944.111089,0.221389789,4.733564356,0.059405941,0.198019802,0.198019802,0.198019802,0.198019802,0,0,0,0,0,0,0.148514851,0,0,0,0,0,0,0,0,0,6.37675071
77,Co0.273 Cr0.182 Fe0.182 Ni0.273 Ti0.091 ,0,7,1,0,8.090909091,1.880741897,12.85913616,-10.74380165,2218.705461,4.827790763,1.272272727,0.121865662,1.808181818,1.059090909,1853.727273,0.088247071,4.372727273,0,0.272727273,0.181818182,0.181818182,0.272727273,0,0.090909091,0,0,0,0,0,0,0,0,0,0,0,0,0,0,6.244125144
78,Co0.268 Cr0.179 Fe0.179 Ni0.268 Ti0.089 Mo0.018 ,0,7,1,0,8.053571429,1.884330526,13.37430184,-10.64413265,2352.518057,4.930784302,1.274375,0.129448275,1.814464286,1.065,1872.285714,0.113584482,4.416428571,0,0.267857143,0.178571429,0.178571429,0.267857143,0,0.089285714,0,0,0,0.017857143,0,0,0,0,0,0,0,0,0,0,6.886056648
79,Co0.250 Cr0.167 Fe0.167 Ni0.250 Ti0.083 Mo0.083 ,0,7,1,0,7.916666667,1.891134286,14.17242839,-10.25,2682.852216,5.242186443,1.282083333,0.151884002,1.8375,1.086666667,1940.333333,0.168612875,4.576666667,0,0.25,0.166666667,0.166666667,0.25,0,0.083333333,0,0,0,0.083333333,0,0,0,0,0,0,0,0,0,0,6.698970004
80,Co0.238 Cr0.159 Fe0.159 Ni0.238 Ti0.079 Mo0.127 ,0,7,1,0,7.825396825,1.890155638,14.39082383,-9.962207105,2868.424209,5.399162266,1.287222222,0.163361791,1.852857143,1.101111111,1985.698413,0.190504973,4.683492063,0,0.238095238,0.158730159,0.158730159,0.238095238,0,0.079365079,0,0,0,0.126984127,0,0,0,0,0,0,0,0,0,0,6.387216143
81,Fe0.244 Co0.244 Cr0.244 Ni0.244 Mo0.024 ,0,7,0.6128,0,8.195121951,1.501535997,12.198543,-3.902439024,5924.908574,2.043330812,1.257804878,0.108961896,1.828292683,1.048536585,1895.439024,0.125792318,4.363902439,0,0.243902439,0.243902439,0.243902439,0.243902439,0,0,0,0,0,0.024390244,0,0,0,0,0,0,0,0,0,0,6.419075024
82,Fe0.238 Co0.238 Cr0.238 Ni0.238 Mo0.048 ,0,7,0.6128,0,8.142857143,1.520830421,12.56917544,-4.036281179,5976.452268,2.571000751,1.260952381,0.118942811,1.836190476,1.056666667,1919.190476,0.146104501,4.422380952,0,0.238095238,0.238095238,0.238095238,0.238095238,0,0,0,0,0,0.047619048,0,0,0,0,0,0,0,0,0,0,7.142667504
83,Fe0.233 Co0.233 Cr0.233 Ni0.233 Mo0.070 ,0,7,0.6128,0,8.093023256,1.537348268,12.82599837,-4.153596539,5996.249429,2.965388327,1.263953488,0.127279646,1.84372093,1.064418605,1941.837209,0.161490598,4.478139535,0,0.23255814,0.23255814,0.23255814,0.23255814,0,0,0,0,0,0.069767442,0,0,0,0,0,0,0,0,0,0,6.11577123
84,Fe0.227 Co0.227 Cr0.227 Ni0.227 Mo0.091 ,0,7,0.6128,0,8.045454545,1.551458924,13.01133249,-4.256198347,6002.342428,3.279284322,1.266818182,0.134364128,1.850909091,1.071818182,1963.454545,0.173610797,4.531363636,0,0.227272727,0.227272727,0.227272727,0.227272727,0,0,0,0,0,0.090909091,0,0,0,0,0,0,0,0,0,0,7.086186148
85,Fe0.222 Co0.222 Cr0.222 Ni0.222 Mo0.111 ,0,7,0.6128,0,8,1.56347192,13.14594406,-4.345679012,6002.057125,3.537658106,1.269555556,0.140457805,1.857777778,1.078888889,1984.111111,0.183383674,4.582222222,0,0.222222222,0.222222222,0.222222222,0.222222222,0,0,0,0,0,0.111111111,0,0,0,0,0,0,0,0,0,0,6.131943638
86,Fe0.250 Co0.250 Cr0.250 Ni0.250 ,1,0,0,0.5,8.25,1.479019946,11.52629192,-3.75,5749.314412,1.206935347,1.2545,0.096695398,1.82,1.04,1870.5,0.096779969,4.3025,0,0.25,0.25,0.25,0.25,0,0,0,0,0,0,0,0,0,0,0,0,0,0,0,0,
87,Fe0.244 Co0.244 Cr0.244 Ni0.244 Mo0.024 ,1,0,0,0.5,8.195121951,1.501535997,12.198543,-3.902439024,5924.908574,2.043330812,1.257804878,0.108961896,1.828292683,1.048536585,1895.439024,0.125792318,4.363902439,0,0.243902439,0.243902439,0.243902439,0.243902439,0,0,0,0,0,0.024390244,0,0,0,0,0,0,0,0,0,0,
88,Fe0.233 Co0.233 Cr0.233 Ni0.233 Mo0.070 ,1,0,0,0.5,8.093023256,1.537348268,12.82599837,-4.153596539,5996.249429,2.965388327,1.263953488,0.127279646,1.84372093,1.064418605,1941.837209,0.161490598,4.478139535,0,0.23255814,0.23255814,0.23255814,0.23255814,0,0,0,0,0,0.069767442,0,0,0,0,0,0,0,0,0,0,
89,Fe0.217 Co0.217 Cr0.217 Ni0.217 Mo0.130 ,1,0,0,0.5,7.956521739,1.573648789,13.24232516,-4.423440454,5998.926094,3.754844069,1.272173913,0.145746238,1.864347826,1.085652174,2003.869565,0.191384272,4.630869565,0,0.217391304,0.217391304,0.217391304,0.217391304,0,0,0,0,0,0.130434783,0,0,0,0,0,0,0,0,0,0,
90,Fe0.222 Co0.222 Cr0.222 Ni0.222 W0.111 ,0,7,0.6128,0,8,1.56347192,13.14594406,-3.259259259,8355.442537,3.009347902,1.267,0.192642444,1.88,1.083333333,2071.555556,0.286611086,4.813333333,0,0.222222222,0.222222222,0.222222222,0.222222222,0,0,0,0,0,0,0,0,0,0,0,0,0,0,0.111111111,0,6.869666232
91,Fe0.217 Cr0.202 Cu0.247 Al0.105 Co0.229 ,0,7,0.6,0,8.041,2.4255554,13.08896201,1.643236,13309.64255,4.241659005,1.280362,0.108990412,1.8013,1.21261,1670.94104,0.223866054,3.98025,0.105,0.229,0.202,0.217,0,0.247,0,0,0,0,0,0,0,0,0,0,0,0,0,0,0,6.014573526
92,Fe0.080 Ni0.040 Al0.280 V0.110 Ti0.490 ,0,7,0.6,0,4.39,1.719854645,10.63906431,-26.836,658.1518012,5.171060878,1.41386,0.09955275,1.6075,1.6308,1660.1236,0.278729144,4.4298,0.28,0,0,0.08,0.04,0,0.49,0.11,0,0,0,0,0,0,0,0,0,0,0,0,0,7.431798276
93,Cr0.250 Si0.140 Al0.130 V0.250 Ti0.230 ,0,7,0.6,0,4.62,0.997797575,13.0674839,-31.322,787.3774835,7.58696574,1.33884,0.108912809,1.652,1.6685,1887.2981,0.215256992,4.5569,0.13,0,0.25,0,0,0,0.23,0.25,0.14,0,0,0,0,0,0,0,0,0,0,0,0,6.774690718
94,Fe0.220 Cr0.210 Ni0.240 Al0.090 Co0.240 ,0,7,0.6,0,7.85,2.065792826,12.99197131,-8.2056,2815.312336,4.161287006,1.26998,0.109409826,1.8057,1.2207,1778.1233,0.176964407,4.2269,0.09,0.24,0.21,0.22,0.24,0,0,0,0,0,0,0,0,0,0,0,0,0,0,0,0,7.031517051
95,Fe0.250 Cr0.230 Ni0.260 Co0.260 ,0,7,0.6,0,8.32,1.455197581,11.51617322,-3.6412,5888.518056,1.174005225,1.25387,0.094514073,1.8247,1.0435,1861.84,0.09470974,4.3088,0,0.26,0.23,0.25,0.26,0,0,0,0,0,0,0,0,0,0,0,0,0,0,0,0,6.214670165
96,Fe0.230 Cr0.210 Ni0.240 Ti0.080 Co0.240 ,0,7,0.6,0,7.98,1.821976948,12.9109931,-9.6332,2502.051069,4.581637111,1.27047,0.119019788,1.8023,1.0515,1866.84,0.090978258,4.3526,0,0.24,0.21,0.23,0.24,0,0.08,0,0,0,0,0,0,0,0,0,0,0,0,0,0,7.443697499
97,Fe0.245 Cr0.250 Ni0.258 Co0.248 ,0,7,0.6128,0,8.263629129,1.486354662,11.52468642,-3.785901692,5692.204638,1.20554779,1.254512535,0.096964146,1.820531238,1.040923199,1869.910068,0.096971091,4.303523677,0,0.247711898,0.249900517,0.244528452,0.257859133,0,0,0,0,0,0,0,0,0,0,0,0,0,0,0,0,7.501689446
98,Fe0.205 Cr0.165 Ni0.255 Cu0.135 Co0.240 ,0,7,0.6128,0,8.825342809,1.566534694,13.16547325,1.275050859,18359.19667,1.228064016,1.256105095,0.086430005,1.843818437,1.045056551,1778.053021,0.127505626,4.210859774,0,0.240116104,0.164948454,0.204884396,0.255029527,0.135021519,0,0,0,0,0,0,0,0,0,0,0,0,0,0,0,6.140861703
99,Fe0.188 Cr0.163 Ni0.218 Cu0.217 Co0.215 ,0,7,0.6128,0,8.9763,1.653825357,13.33046189,3.52424504,6597.951565,1.284147944,1.2586018,0.086272731,1.845732,1.037688,1744.335513,0.145268318,4.137897,0,0.215,0.1625,0.1878,0.2178,0.2169,0,0,0,0,0,0,0,0,0,0,0,0,0,0,0,5.879426069
100,Fe0.179 Cr0.166 Ni0.188 C0.000 Si0.090 Cu0.102 P0.000 Al0.086 Co0.189 ,0,7,0.1,0,7.7439,2.461201493,15.78740683,-14.41976418,1877.571787,4.925867645,1.2624955,0.10810251,1.820835,1.475773,1714.92017,0.189275701,4.175997,0.0863,0.1886,0.1665,0.1787,0.1879,0.1017,0,0,0.0899,0,0,0,0,0,0,0.0003,0,0.0001,0,0,0,6.749579998
101,Fe0.179 Cr0.166 Ni0.188 C0.000 Si0.090 Cu0.102 P0.000 Al0.086 Co0.189 ,0,7,1,0,7.7439,2.461201493,15.78740683,-14.41976418,1877.571787,4.925867645,1.2624955,0.10810251,1.820835,1.475773,1714.92017,0.189275701,4.175997,0.0863,0.1886,0.1665,0.1787,0.1879,0.1017,0,0,0.0899,0,0,0,0,0,0,0.0003,0,0.0001,0,0,0,5.500312917
102,Fe0.234 Cr0.218 Ni0.246 Al0.056 Co0.247 ,0,7,0.6128,0,8.022977023,1.870554077,12.66479714,-6.57413316,3487.011261,3.4303538,1.263875125,0.104359414,1.812667333,1.153436563,1810.062657,0.151275659,4.257472527,0.055944056,0.246753247,0.217782218,0.233766234,0.245754246,0,0,0,0,0,0,0,0,0,0,0,0,0,0,0,0,6.769551079
103,Fe0.380 Cr0.236 Ni0.133 Mn0.250 ,1,0,0,0.5,7.544008802,1.233173855,11.00660705,-2.241436565,8899.094635,1.328802852,1.258132727,0.131832374,1.7305011,1.033940788,1812.252951,0.129115266,3.918857772,0,0,0.236347269,0.380376075,0.133326665,0,0,0,0,0.24994999,0,0,0,0,0,0,0,0,0,0,0,3.163675884
104,Fe0.367 Cr0.228 Ni0.129 Mn0.241 Al0.036 ,1,0,0,0.5,7.382776555,1.474464724,11.8913283,-4.034870827,5248.996945,2.857110161,1.264305261,0.131378172,1.726234247,1.104109822,1781.047845,0.15806756,3.900123025,0.035507101,0,0.227945589,0.366873375,0.128625725,0,0,0,0,0.24104821,0,0,0,0,0,0,0,0,0,0,0,2.621602099
105,Fe0.250 Cr0.230 Ni0.260 Co0.260 ,0,7,0.1,0,8.32,1.455197581,11.51617322,-3.6412,5888.518056,1.174005225,1.25387,0.094514073,1.8247,1.0435,1861.84,0.09470974,4.3088,0,0.26,0.23,0.25,0.26,0,0,0,0,0,0,0,0,0,0,0,0,0,0,0,0,7.397940009
106,Fe0.200 Cr0.184 Ni0.409 C0.000 Co0.207 ,0,7,0.6128,0,8.655289761,1.46711246,11.031859,-3.720988766,5440.666603,1.209533101,1.252201481,0.091751397,1.841881694,1.067459714,1835.108598,0.092160702,4.335629066,0,0.206886198,0.184165749,0.199979982,0.408767891,0,0,0,0,0,0,0,0,0,0,0.00020018,0,0,0,0,0,6.88941029
107,Fe0.185 Cr0.170 Ni0.379 Mo0.076 C0.000 Co0.190 ,0,7,0.6128,0,8.454090317,1.576833017,12.42830806,-4.3944027,5418.520211,3.12508207,1.262718234,0.122138982,1.866331231,1.092363072,1915.881045,0.169557245,4.525868629,0,0.190147191,0.169720637,0.184840292,0.37859217,0,0,0,0,0,0.076499449,0,0,0,0,0.00020026,0,0,0,0,0,6.903089987
108,Fe0.185 Cr0.172 Ni0.194 Cu0.210 Al0.045 Co0.195 ,1,0,0,1,8.643356643,2.06286764,14.28772506,1.207699394,20283.00625,3.095973043,1.266967033,0.099480227,1.830829171,1.122707293,1714.462887,0.178408609,4.095764236,0.044955045,0.194805195,0.171828172,0.184815185,0.193806194,0.20979021,0,0,0,0,0,0,0,0,0,0,0,0,0,0,0,3.104025268
109,Fe0.183 Cr0.171 Ni0.193 Cu0.209 Al0.044 Co0.193 B0.007 ,1,0,0,1,8.609,2.105734789,14.52638679,0.6909,36181.17813,4.260100798,1.263754,0.100578558,1.83244,1.13444,1720.83921,0.181725993,4.10777,0.044,0.193,0.171,0.183,0.193,0.209,0,0,0,0,0,0,0,0,0,0,0,0,0.007,0,0,2.989276135
110,Fe0.181 Cr0.168 Ni0.190 Cu0.206 Al0.044 Co0.191 B0.021 ,1,0,0,1,8.527472527,2.195148248,14.83320819,-0.428354862,59982.67702,5.954721011,1.25758042,0.102833546,1.835334665,1.161598402,1732.185714,0.188556993,4.131548452,0.043956044,0.190809191,0.167832168,0.180819181,0.18981019,0.205794206,0,0,0,0,0,0,0,0,0,0,0,0,0.020979021,0,0,2.580705278
111,Fe0.178 Cr0.166 Ni0.187 Cu0.203 Al0.043 Co0.188 B0.035 ,1,0,0,1,8.449,2.274950329,15.04410319,-1.47462,17799.13041,7.245882909,1.251278,0.104955716,1.83824,1.18691,1744.66722,0.19441148,4.15563,0.043,0.188,0.166,0.178,0.187,0.203,0,0,0,0,0,0,0,0,0,0,0,0,0.035,0,0,2.545460015
112,Fe0.240 Cr0.237 Ni0.251 Co0.271 ,1,0,0,0.5,8.299229923,1.461876915,11.51458214,-3.672506064,5846.970326,1.181314755,1.254228923,0.095415006,1.823313331,1.041367137,1864.855686,0.095545533,4.307326733,0,0.271227123,0.237423742,0.239923992,0.251425143,0,0,0,0,0,0,0,0,0,0,0,0,0,0,0,0,4.801342913
113,Fe0.241 Cr0.225 Ni0.252 Al0.030 Co0.251 ,1,0,0,0.5,8.1529,1.702034544,12.30113582,-5.29257764,4263.198022,2.691265986,1.2593657,0.100318528,1.817788,1.103226,1834.245785,0.128837581,4.280333,0.0305,0.2514,0.2248,0.2415,0.2518,0,0,0,0,0,0,0,0,0,0,0,0,0,0,0,0,4.777283529
114,Fe0.228 Cr0.221 Ni0.242 Al0.056 Co0.253 ,1,0,0,0.5,8.01480148,1.871932518,12.66369916,-6.589783211,3481.13622,3.426812061,1.264045905,0.104701812,1.812080208,1.15239724,1811.47173,0.151599009,4.256939694,0.055905591,0.252525253,0.221322132,0.228022802,0.242224222,0,0,0,0,0,0,0,0,0,0,0,0,0,0,0,0,4.872895202
115,Fe0.220 Cr0.211 Ni0.230 Al0.100 Co0.238 ,1,0,0,0.5,7.775777578,2.111675934,13.07006779,-8.630467927,2681.212986,4.342798702,1.271909691,0.11072713,1.802410241,1.239532953,1770.466921,0.184235838,4.215889589,0.100210021,0.238423842,0.211121112,0.219921992,0.230323032,0,0,0,0,0,0,0,0,0,0,0,0,0,0,0,0,4.882728704
116,Fe0.181 Cr0.169 Ni0.286 Ti0.078 Co0.287 ,1,0,0,0.5,8.2098,1.817466357,12.67427804,-9.79436004,2388.248422,4.527171129,1.269047,0.117295215,1.815976,1.060742,1845.5777,0.086569373,4.371167,0,0.2868,0.1687,0.1812,0.2856,0,0.0777,0,0,0,0,0,0,0,0,0,0,0,0,0,0,4.522878745
117,Fe0.176 Cr0.164 Ni0.277 Mo0.030 Ti0.075 Co0.278 ,1,0,0,0.5,8.143314331,1.829179501,13.41716698,-9.689696322,2599.339264,4.73267583,1.272690669,0.129638688,1.826381638,1.070687069,1877.207621,0.127061703,4.445108511,0,0.278127813,0.163616362,0.175717572,0.277027703,0,0.075307531,0,0,0,0.03020302,0,0,0,0,0,0,0,0,0,0,4.107905397
118,Fe0.157 Cr0.146 Ni0.247 Mo0.135 Ti0.067 Co0.248 ,1,0,0,0.5,7.912408759,1.851211579,14.25263548,-9.245553917,3062.545589,5.253697973,1.285329067,0.160295667,1.862325767,1.105088491,1986.645235,0.194920552,4.700973903,0,0.248175182,0.145985401,0.156784322,0.247175282,0,0.067193281,0,0,0,0.134686531,0,0,0,0,0,0,0,0,0,0,4.142667504
119,Fe0.145 Cr0.135 Ni0.229 Mo0.199 Ti0.062 Co0.230 ,1,0,0,0.5,7.769223078,1.850403817,14.3006924,-8.899235824,3301.363962,5.455747588,1.293159984,0.172935956,1.884567543,1.126388361,2054.419158,0.215255696,4.85940206,0,0.229577042,0.135086491,0.145085491,0.228677132,0,0.062193781,0,0,0,0.199380062,0,0,0,0,0,0,0,0,0,0,4.161150909
120,Fe0.181 Cr0.169 Ni0.286 Ti0.078 Co0.287 ,2,14,0,0,8.2098,1.817466357,12.67427804,-9.79436004,2388.248422,4.527171129,1.269047,0.117295215,1.815976,1.060742,1845.5777,0.086569373,4.371167,0,0.2868,0.1687,0.1812,0.2856,0,0.0777,0,0,0,0,0,0,0,0,0,0,0,0,0,0,7.045757491
121,Fe0.176 Cr0.164 Ni0.277 Mo0.030 Ti0.075 Co0.278 ,2,14,0,0,8.143314331,1.829179501,13.41716698,-9.689696322,2599.339264,4.73267583,1.272690669,0.129638688,1.826381638,1.070687069,1877.207621,0.127061703,4.445108511,0,0.278127813,0.163616362,0.175717572,0.277027703,0,0.075307531,0,0,0,0.03020302,0,0,0,0,0,0,0,0,0,0,6.958607315
122,Fe0.157 Cr0.146 Ni0.247 Mo0.135 Ti0.067 Co0.248 ,2,14,0,0,7.912408759,1.851211579,14.25263548,-9.245553917,3062.545589,5.253697973,1.285329067,0.160295667,1.862325767,1.105088491,1986.645235,0.194920552,4.700973903,0,0.248175182,0.145985401,0.156784322,0.247175282,0,0.067193281,0,0,0,0.134686531,0,0,0,0,0,0,0,0,0,0,6.795880017
123,Fe0.145 Cr0.135 Ni0.229 Mo0.199 Ti0.062 Co0.230 ,2,14,0,0,7.769223078,1.850403817,14.3006924,-8.899235824,3301.363962,5.455747588,1.293159984,0.172935956,1.884567543,1.126388361,2054.419158,0.215255696,4.85940206,0,0.229577042,0.135086491,0.145085491,0.228677132,0,0.062193781,0,0,0,0.199380062,0,0,0,0,0,0,0,0,0,0,6.602059991
124,Fe0.181 Cr0.169 Ni0.286 Ti0.078 Co0.287 ,0,7,1,0,8.2098,1.817466357,12.67427804,-9.79436004,2388.248422,4.527171129,1.269047,0.117295215,1.815976,1.060742,1845.5777,0.086569373,4.371167,0,0.2868,0.1687,0.1812,0.2856,0,0.0777,0,0,0,0,0,0,0,0,0,0,0,0,0,0,6.244125144
125,Fe0.176 Cr0.164 Ni0.277 Mo0.030 Ti0.075 Co0.278 ,0,7,1,0,8.143314331,1.829179501,13.41716698,-9.689696322,2599.339264,4.73267583,1.272690669,0.129638688,1.826381638,1.070687069,1877.207621,0.127061703,4.445108511,0,0.278127813,0.163616362,0.175717572,0.277027703,0,0.075307531,0,0,0,0.03020302,0,0,0,0,0,0,0,0,0,0,6.886056648
126,Fe0.157 Cr0.146 Ni0.247 Mo0.135 Ti0.067 Co0.248 ,0,7,1,0,7.912408759,1.851211579,14.25263548,-9.245553917,3062.545589,5.253697973,1.285329067,0.160295667,1.862325767,1.105088491,1986.645235,0.194920552,4.700973903,0,0.248175182,0.145985401,0.156784322,0.247175282,0,0.067193281,0,0,0,0.134686531,0,0,0,0,0,0,0,0,0,0,6.698970004
127,Fe0.145 Cr0.135 Ni0.229 Mo0.199 Ti0.062 Co0.230 ,0,7,1,0,7.769223078,1.850403817,14.3006924,-8.899235824,3301.363962,5.455747588,1.293159984,0.172935956,1.884567543,1.126388361,2054.419158,0.215255696,4.85940206,0,0.229577042,0.135086491,0.145085491,0.228677132,0,0.062193781,0,0,0,0.199380062,0,0,0,0,0,0,0,0,0,0,6.387216143
128,Al0.070 Cr0.233 Fe0.349 Mn0.233 Ni0.116 ,0,7,0.6,0,7.186046512,1.646077988,12.32012315,-5.505678745,3930.052395,3.702922921,1.27072093,0.129693652,1.719302326,1.169302326,1756.281628,0.183049174,3.878372093,0.069767442,0,0.23255814,0.348837209,0.11627907,0,0,0,0,0.23255814,0,0,0,0,0,0,0,0,0,0,0,7.617982957
129,Al0.067 Cr0.222 Fe0.333 Mn0.222 Ni0.111 Ti0.044 ,0,7,0.6,0,7.044444444,1.73788576,13.28429997,-7.674074074,3053.828856,4.735412499,1.279222222,0.132053861,1.711333333,1.168,1764.135778,0.179330701,3.921555556,0.066666667,0,0.222222222,0.333333333,0.111111111,0,0.044444444,0,0,0.222222222,0,0,0,0,0,0,0,0,0,0,0,6.13430394
130,Al0.067 Cr0.222 Fe0.333 Mn0.222 Ni0.111 Si0.044 ,0,7,0.6,0,7.044444444,1.73788576,13.28429997,-11.35604938,2050.687236,4.109239973,1.265488889,0.132134611,1.727333333,1.295111111,1753.024667,0.179474503,3.911777778,0.066666667,0,0.222222222,0.333333333,0.111111111,0,0,0,0.044444444,0.222222222,0,0,0,0,0,0,0,0,0,0,0,7.326979093
131,Al0.286 Cr0.143 Fe0.143 Co0.143 Cu0.143 Ni0.143 ,3,0.301,0,0,7.142857143,2.996596709,14.53258305,-8.653061224,2568.756416,6.059787896,1.308571429,0.128444382,1.771428571,1.597142857,1529.501429,0.285677377,3.925714286,0.285714286,0.142857143,0.142857143,0.142857143,0.142857143,0.142857143,0,0,0,0,0,0,0,0,0,0,0,0,0,0,0,4.420216403
132,Al0.267 Cr0.133 Fe0.133 Co0.133 Cu0.133 Ni0.133 Ti0.067 ,3,0.301,0,0,6.933333333,2.999259168,15.60020561,-13.08444444,1855.652405,6.493465124,1.3188,0.136860026,1.756,1.566666667,1556.401333,0.278823579,3.987333333,0.266666667,0.133333333,0.133333333,0.133333333,0.133333333,0.133333333,0.066666667,0,0,0,0,0,0,0,0,0,0,0,0,0,0,4.657577319
133,Al0.250 Cr0.125 Fe0.125 Co0.125 Cu0.125 Ni0.125 Ti0.125 ,3,0.301,0,0,6.75,2.989565186,15.8486514,-16.375,1529.154105,6.768623068,1.32775,0.142456134,1.7425,1.54,1579.93875,0.272134836,4.04125,0.25,0.125,0.125,0.125,0.125,0.125,0.125,0,0,0,0,0,0,0,0,0,0,0,0,0,0,5.13667714
134,Al0.235 Cr0.118 Fe0.118 Co0.118 Cu0.118 Ni0.118 Ti0.176 ,3,0.301,0,0,6.588235294,2.97160728,15.84254273,-18.82352941,1347.211218,6.942925185,1.335647059,0.146185643,1.730588235,1.516470588,1600.707059,0.26570191,4.088823529,0.235294118,0.117647059,0.117647059,0.117647059,0.117647059,0.117647059,0.176470588,0,0,0,0,0,0,0,0,0,0,0,0,0,0,5.356547324
135,Al0.222 Cr0.111 Fe0.111 Co0.111 Cu0.111 Ni0.111 Ti0.222 ,3,0.301,0,0,6.444444444,2.948110925,15.70734227,-20.64197531,1232.092476,7.049683837,1.342666667,0.148623312,1.72,1.495555556,1619.167778,0.259564164,4.131111111,0.222222222,0.111111111,0.111111111,0.111111111,0.111111111,0.111111111,0.222222222,0,0,0,0,0,0,0,0,0,0,0,0,0,0,5.568636236
136,Al0.200 Co0.200 Cr0.200 Fe0.200 Ni0.200 ,0,7,0.6,0,7.2,2.481934729,13.38161053,-12.32,1828.103957,5.603101633,1.29,0.120565335,1.778,1.434,1683.074,0.24260764,4.12,0.2,0.2,0.2,0.2,0.2,0,0,0,0,0,0,0,0,0,0,0,0,0,0,0,0,7.031517051
137,Al0.286 Cr0.143 Fe0.143 Co0.143 Cu0.143 Ti0.143 ,0,7,0.6,0,6.285714286,2.913725436,14.53258305,-14.53061224,1559.284316,6.735600346,1.339428571,0.136426702,1.718571429,1.594285714,1559.072857,0.292377642,3.984285714,0.285714286,0.142857143,0.142857143,0.142857143,0,0.142857143,0.142857143,0,0,0,0,0,0,0,0,0,0,0,0,0,0,4.167491087
138,Al0.267 Cr0.133 Fe0.133 Co0.133 Cu0.133 Ti0.133 Ni0.067 ,0,7,0.6,0,6.533333333,2.963481436,15.60020561,-15.64444444,1565.76117,6.767278534,1.3332,0.140184006,1.731333333,1.565333333,1570.201333,0.281712621,4.014666667,0.266666667,0.133333333,0.133333333,0.133333333,0.066666667,0.133333333,0.133333333,0,0,0,0,0,0,0,0,0,0,0,0,0,0,4.494850022
139,Al0.250 Cr0.125 Fe0.125 Co0.125 Cu0.125 Ti0.125 Ni0.125 ,0,7,0.6,0,6.75,2.989565186,15.8486514,-16.375,1529.154105,6.768623068,1.32775,0.142456134,1.7425,1.54,1579.93875,0.272134836,4.04125,0.25,0.125,0.125,0.125,0.125,0.125,0.125,0,0,0,0,0,0,0,0,0,0,0,0,0,0,4.886056648
140,Al0.235 Cr0.118 Fe0.118 Co0.118 Cu0.118 Ti0.118 Ni0.176 ,0,7,0.6,0,6.941176471,2.999423243,15.84254273,-16.83044983,1495.287647,6.748881466,1.322941176,0.143712516,1.752352941,1.517647059,1588.530588,0.263471386,4.064705882,0.235294118,0.117647059,0.117647059,0.117647059,0.176470588,0.117647059,0.117647059,0,0,0,0,0,0,0,0,0,0,0,0,0,0,4.193820026
141,Al0.222 Cr0.111 Fe0.111 Co0.111 Cu0.111 Ti0.111 Ni0.222 ,0,7,0.6,0,7.111111111,2.997941681,15.70734227,-17.08641975,1467.338036,6.71435868,1.318666667,0.144256288,1.761111111,1.497777778,1596.167778,0.255585551,4.085555556,0.222222222,0.111111111,0.111111111,0.111111111,0.222222222,0.111111111,0.111111111,0,0,0,0,0,0,0,0,0,0,0,0,0,0,4.173925197
142,Cu0.111 Cr0.222 Fe0.222 Ni0.222 Mn0.222 ,1,0,0,1,8.111111111,1.728483243,13.14594406,0.098765432,233961.5379,1.300576617,1.261333333,0.142369715,1.755555556,1.04,1757.752222,0.151656925,3.885555556,0,0,0.222222222,0.222222222,0.222222222,0.111111111,0,0,0,0.222222222,0,0,0,0,0,0,0,0,0,0,0,5.679853714
143,Cu0.250 Cr0.125 Fe0.250 Ni0.125 Mn0.250 ,1,0,0,1,8.5,1.802775638,12.96707842,4.6875,4589.14933,1.280973055,1.263,0.145510953,1.76625,1.035,1658.9425,0.156920252,3.74,0,0,0.125,0.25,0.125,0.25,0,0,0,0.25,0,0,0,0,0,0,0,0,0,0,0,4.395773947
144,Cu0.111 Co0.222 Cr0.222 Fe0.222 Ni0.222 ,0,7,0.6,0,8.555555556,1.640535896,13.14594406,0.49382716,48277.14197,1.278516041,1.257111111,0.094568546,1.828888889,1.035555556,1813.53,0.12942799,4.212222222,0,0.222222222,0.222222222,0.222222222,0.222222222,0.111111111,0,0,0,0,0,0,0,0,0,0,0,0,0,0,0,
145,Al0.091 Co0.182 Cr0.182 Cu0.182 Fe0.182 Ni0.182 ,1,0,0,1,8.272727273,2.339032787,14.69798576,-1.520661157,16354.86494,4.086866915,1.274909091,0.109325505,1.815454545,1.211818182,1692.082727,0.204413921,4.071818182,0.090909091,0.181818182,0.181818182,0.181818182,0.181818182,0.181818182,0,0,0,0,0,0,0,0,0,0,0,0,0,0,0,3.104025268
146,Al0.088 Co0.175 Cr0.175 Cu0.175 Fe0.175 Ni0.175 B0.035 ,1,0,0,1,8.087719298,2.494068062,15.44610936,-4.001231148,6651.333927,7.79315498,1.258947368,0.115064182,1.823333333,1.273859649,1722.992105,0.218484239,4.132807018,0.087719298,0.175438596,0.175438596,0.175438596,0.175438596,0.175438596,0,0,0,0,0,0,0,0,0,0,0,0,0.035087719,0,0,2.987162775
147,Al0.082 Co0.164 Cr0.164 Cu0.164 Fe0.164 Ni0.164 B0.098 ,1,0,0,1,7.754098361,2.720027349,15.92509881,-8.008599839,3537.004819,11.72398468,1.230163934,0.123483001,1.837540984,1.385737705,1778.730328,0.236317925,4.242786885,0.081967213,0.163934426,0.163934426,0.163934426,0.163934426,0.163934426,0,0,0,0,0,0,0,0,0,0,0,0,0.098360656,0,0,2.580044252
148,Al0.077 Co0.154 Cr0.154 Cu0.154 Fe0.154 Ni0.154 B0.154 ,1,0,0,1,7.461538462,2.8720238,16.00634718,-11.0295858,2652.260572,14.19065583,1.204923077,0.129139162,1.85,1.483846154,1827.608462,0.246071818,4.339230769,0.076923077,0.153846154,0.153846154,0.153846154,0.153846154,0.153846154,0,0,0,0,0,0,0,0,0,0,0,0,0.153846154,0,0,2.54515514
149,Fe0.250 Co0.250 Ni0.250 Cu0.250 ,2,13,0,0,9.5,1.118033989,11.52629192,5,3838.122659,1.14037876,1.254,0.03082207,1.88,1.06,1664.9425,0.107932031,4.15,0,0.25,0,0.25,0.25,0.25,0,0,0,0,0,0,0,0,0,0,0,0,0,0,0,4.022733788
150,Fe0.249 Co0.249 Ni0.249 Cu0.249 Sn0.005 ,2,13,0,0,9.472636816,1.180478658,11.72958337,5.019677731,3877.020925,2.344149565,1.255820896,0.031256296,1.88039801,1.074477612,1659.17194,0.118707197,4.144975124,0,0.248756219,0,0.248756219,0.248756219,0.248756219,0,0,0,0,0,0,0,0,0,0,0.004975124,0,0,0,0,5.671620397
151,Fe0.248 Co0.248 Ni0.248 Cu0.248 Sn0.007 ,2,13,0,0,9.459057072,1.21004321,11.80545351,5.029277934,3887.927649,2.748107925,1.256724566,0.031467699,1.880595533,1.081662531,1656.308139,0.123720957,4.14248139,0,0.248138958,0,0.248138958,0.248138958,0.248138958,0,0,0,0,0,0,0,0,0,0,0.007444169,0,0,0,0,5.490797478
152,Fe0.248 Co0.248 Ni0.248 Cu0.248 Sn0.010 ,2,13,0,0,9.445544554,1.238613466,11.87400596,5.038721694,3896.459748,3.095618147,1.257623762,0.031675432,1.880792079,1.088811881,1653.458515,0.128524942,4.14,0,0.247524752,0,0.247524752,0.247524752,0.247524752,0,0,0,0,0,0,0,0,0,0,0.00990099,0,0,0,0,4.013676223
153,Fe0.247 Co0.247 Ni0.247 Cu0.247 Sn0.012 ,2,13,0,0,9.432098765,1.266259892,11.93708347,5.048010974,3903.245096,3.404067713,1.258518519,0.031879594,1.880987654,1.095925926,1650.622963,0.13314191,4.137530864,0,0.24691358,0,0.24691358,0.24691358,0.24691358,0,0,0,0,0,0,0,0,0,0,0.012345679,0,0,0,0,5.869666232
154,Fe0.246 Co0.246 Ni0.246 Cu0.246 Sn0.017 ,2,13,0,0,9.405405405,1.319023639,12.05081224,5.066133813,3912.946336,3.939671661,1.26029484,0.032277569,1.881375921,1.11004914,1644.993661,0.141887275,4.132628993,0,0.245700246,0,0.245700246,0.245700246,0.245700246,0,0,0,0,0,0,0,0,0,0,0.017199017,0,0,0,0,5.730487056
155,Fe0.244 Co0.244 Ni0.244 Cu0.244 Sn0.022 ,2,13,0,0,9.378973105,1.368756479,12.15184867,5.083661623,3918.824282,4.399430548,1.26205379,0.032662328,1.881760391,1.12403423,1639.419413,0.150075535,4.127775061,0,0.244498778,0,0.244498778,0.244498778,0.244498778,0,0,0,0,0,0,0,0,0,0,0.02200489,0,0,0,0,5.692503962
156,Al0.111 Co0.222 Cr0.222 Fe0.222 Ni0.222 ,0,7,0.6,0,7.666666667,2.160246899,13.14594406,-9.086419753,2555.534553,4.518868938,1.274222222,0.112546287,1.796666667,1.258888889,1766.374444,0.192706503,4.201111111,0.111111111,0.222222222,0.222222222,0.222222222,0.222222222,0,0,0,0,0,0,0,0,0,0,0,0,0,0,0,0,6.769551079
157,Al0.167 Cr0.167 Fe0.167 Ni0.167 Co0.167 Cu0.167 ,0,7,1,0,7.833333333,2.671869924,14.8975162,-4.777777778,5078.913191,5.134604267,1.288,0.119082138,1.798333333,1.361666667,1628.856667,0.240640638,4.015,0.166666667,0.166666667,0.166666667,0.166666667,0.166666667,0.166666667,0,0,0,0,0,0,0,0,0,0,0,0,0,0,0,
158,Co0.167 Cr0.167 Cu0.167 Fe0.167 Ni0.167 Nb0.167 ,4,0,6,0,8.166666667,2.114762923,14.8975162,-6.111111111,4705.219327,5.052077429,1.2875,0.121746549,1.796666667,1.08,1930.128333,0.224882977,4.711666667,0,0.166666667,0.166666667,0.166666667,0.166666667,0.166666667,0,0,0,0,0,0.166666667,0,0,0,0,0,0,0,0,0,4.049148541
159,Cr0.250 Fe0.375 Mn0.250 Ni0.125 ,0,7,1,0,7.5,1.224744871,10.98247607,-2.125,9395.83129,1.336548967,1.258625,0.130838641,1.7275,1.03125,1818,0.130754392,3.915,0,0,0.25,0.375,0.125,0,0,0,0,0.25,0,0,0,0,0,0,0,0,0,0,0,6.346787486
160,Al0.070 Cr0.233 Fe0.349 Mn0.233 Ni0.116 ,0,7,1,0,7.186046512,1.646077988,12.32012315,-5.505678745,3930.052395,3.702922921,1.27072093,0.129693652,1.719302326,1.169302326,1756.281628,0.183049174,3.878372093,0.069767442,0,0.23255814,0.348837209,0.11627907,0,0,0,0,0.23255814,0,0,0,0,0,0,0,0,0,0,0,6.161150909
161,Al0.111 Cr0.222 Fe0.333 Mn0.222 Ni0.111 ,0,7,1,0,7,1.825741858,12.66255219,-7.259259259,2999.739878,4.440751664,1.277888889,0.128764308,1.714444444,1.251111111,1719.707778,0.2076505,3.856666667,0.111111111,0,0.222222222,0.333333333,0.111111111,0,0,0,0,0.222222222,0,0,0,0,0,0,0,0,0,0,0,5.991399828
162,Fe0.250 Co0.250 Ni0.250 Cr0.250 ,0,7,0.6,0,8.25,1.479019946,11.52629192,-3.75,5749.314412,1.206935347,1.2545,0.096695398,1.82,1.04,1870.5,0.096779969,4.3025,0,0.25,0.25,0.25,0.25,0,0,0,0,0,0,0,0,0,0,0,0,0,0,0,0,7.455931956
163,Fe0.222 Co0.222 Ni0.222 Cr0.222 Cu0.111 ,0,7,0.6,0,8.555555556,1.640535896,13.14594406,0.49382716,48277.14197,1.278516041,1.257111111,0.094568546,1.828888889,1.035555556,1813.53,0.12942799,4.212222222,0,0.222222222,0.222222222,0.222222222,0.222222222,0.111111111,0,0,0,0,0,0,0,0,0,0,0,0,0,0,0,6.142667504
164,Fe0.200 Co0.200 Ni0.200 Cr0.200 Cu0.200 ,0,7,0.6,0,8.8,1.720465053,13.38161053,3.2,7393.147455,1.309176051,1.2592,0.092217135,1.836,1.032,1767.954,0.147799736,4.14,0,0.2,0.2,0.2,0.2,0.2,0,0,0,0,0,0,0,0,0,0,0,0,0,0,0,5.910094889
165,Cr0.250 Fe0.375 Mn0.250 Ni0.125 ,1,0,0,0.5,7.5,1.224744871,10.98247607,-2.125,9395.83129,1.336548967,1.258625,0.130838641,1.7275,1.03125,1818,0.130754392,3.915,0,0,0.25,0.375,0.125,0,0,0,0,0.25,0,0,0,0,0,0,0,0,0,0,0,4.503070352
166,Al0.070 Cr0.233 Fe0.349 Mn0.233 Ni0.116 ,1,0,0,0.5,7.186046512,1.646077988,12.32012315,-5.505678745,3930.052395,3.702922921,1.27072093,0.129693652,1.719302326,1.169302326,1756.281628,0.183049174,3.878372093,0.069767442,0,0.23255814,0.348837209,0.11627907,0,0,0,0,0.23255814,0,0,0,0,0,0,0,0,0,0,0,4.131355562
167,Al0.111 Cr0.222 Fe0.333 Mn0.222 Ni0.111 ,1,0,0,0.5,7,1.825741858,12.66255219,-7.259259259,2999.739878,4.440751664,1.277888889,0.128764308,1.714444444,1.251111111,1719.707778,0.2076505,3.856666667,0.111111111,0,0.222222222,0.333333333,0.111111111,0,0,0,0,0.222222222,0,0,0,0,0,0,0,0,0,0,0,4.166215625
168,Co0.250 Cr0.250 Fe0.250 Ni0.250 ,1,0,0,0.5,8.25,1.479019946,11.52629192,-3.75,5749.314412,1.206935347,1.2545,0.096695398,1.82,1.04,1870.5,0.096779969,4.3025,0,0.25,0.25,0.25,0.25,0,0,0,0,0,0,0,0,0,0,0,0,0,0,0,0,4.801342913
169,Al0.059 Co0.235 Cr0.235 Fe0.235 Ni0.235 ,1,0,0,0.5,7.941176471,1.893350228,12.70837022,-6.75432526,3415.656333,3.499966111,1.264941176,0.106026046,1.807647059,1.155882353,1815.374706,0.15528105,4.248823529,0.058823529,0.235294118,0.235294118,0.235294118,0.235294118,0,0,0,0,0,0,0,0,0,0,0,0,0,0,0,0,4.777283529
170,Al0.111 Co0.222 Cr0.222 Fe0.222 Ni0.222 ,1,0,0,0.5,7.666666667,2.160246899,13.14594406,-9.086419753,2555.534553,4.518868938,1.274222222,0.112546287,1.796666667,1.258888889,1766.374444,0.192706503,4.201111111,0.111111111,0.222222222,0.222222222,0.222222222,0.222222222,0,0,0,0,0,0,0,0,0,0,0,0,0,0,0,0,4.872895202
171,Al0.200 Co0.200 Cr0.200 Fe0.200 Ni0.200 ,1,0,0,0.5,7.2,2.481934729,13.38161053,-12.32,1828.103957,5.603101633,1.29,0.120565335,1.778,1.434,1683.074,0.24260764,4.12,0.2,0.2,0.2,0.2,0.2,0,0,0,0,0,0,0,0,0,0,0,0,0,0,0,0,4.882728704
172,Co0.273 Cr0.182 Fe0.182 Ni0.273 Ti0.091 ,1,0,0,0.5,8.090909091,1.880741897,12.85913616,-10.74380165,2218.705461,4.827790763,1.272272727,0.121865662,1.808181818,1.059090909,1853.727273,0.088247071,4.372727273,0,0.272727273,0.181818182,0.181818182,0.272727273,0,0.090909091,0,0,0,0,0,0,0,0,0,0,0,0,0,0,4.522878745
173,Co0.268 Cr0.179 Fe0.179 Ni0.268 Ti0.089 Mo0.018 ,1,0,0,0.5,8.053571429,1.884330526,13.37430184,-10.64413265,2352.518057,4.930784302,1.274375,0.129448275,1.814464286,1.065,1872.285714,0.113584482,4.416428571,0,0.267857143,0.178571429,0.178571429,0.267857143,0,0.089285714,0,0,0,0.017857143,0,0,0,0,0,0,0,0,0,0,4.107905397
174,Co0.250 Cr0.167 Fe0.167 Ni0.250 Ti0.083 Mo0.083 ,1,0,0,0.5,7.916666667,1.891134286,14.17242839,-10.25,2682.852216,5.242186443,1.282083333,0.151884002,1.8375,1.086666667,1940.333333,0.168612875,4.576666667,0,0.25,0.166666667,0.166666667,0.25,0,0.083333333,0,0,0,0.083333333,0,0,0,0,0,0,0,0,0,0,4.207608311
175,Co0.238 Cr0.159 Fe0.159 Ni0.238 Ti0.079 Mo0.127 ,1,0,0,0.5,7.825396825,1.890155638,14.39082383,-9.962207105,2868.424209,5.399162266,1.287222222,0.163361791,1.852857143,1.101111111,1985.698413,0.190504973,4.683492063,0,0.238095238,0.158730159,0.158730159,0.238095238,0,0.079365079,0,0,0,0.126984127,0,0,0,0,0,0,0,0,0,0,4.161150909
176,Cu0.111 Cr0.222 Fe0.222 Ni0.222 Mn0.222 ,1,0,0,1,8.111111111,1.728483243,13.14594406,0.098765432,233961.5379,1.300576617,1.261333333,0.142369715,1.755555556,1.04,1757.752222,0.151656925,3.885555556,0,0,0.222222222,0.222222222,0.222222222,0.111111111,0,0,0,0.222222222,0,0,0,0,0,0,0,0,0,0,0,4.679853714
177,Cu0.250 Cr0.125 Fe0.250 Ni0.125 Mn0.250 ,1,0,0,1,8.5,1.802775638,12.96707842,4.6875,4589.14933,1.280973055,1.263,0.145510953,1.76625,1.035,1658.9425,0.156920252,3.74,0,0,0.125,0.25,0.125,0.25,0,0,0,0.25,0,0,0,0,0,0,0,0,0,0,0,4.395773947
178,Al0.091 Co0.182 Cr0.182 Cu0.182 Fe0.182 Ni0.182 ,1,0,0,1,8.272727273,2.339032787,14.69798576,-1.520661157,16354.86494,4.086866915,1.274909091,0.109325505,1.815454545,1.211818182,1692.082727,0.204413921,4.071818182,0.090909091,0.181818182,0.181818182,0.181818182,0.181818182,0.181818182,0,0,0,0,0,0,0,0,0,0,0,0,0,0,0,4.104025268
179,Al0.088 Co0.175 Cr0.175 Cu0.175 Fe0.175 Ni0.175 B0.035 ,1,0,0,1,8.087719298,2.494068062,15.44610936,-4.001231148,6651.333927,7.79315498,1.258947368,0.115064182,1.823333333,1.273859649,1722.992105,0.218484239,4.132807018,0.087719298,0.175438596,0.175438596,0.175438596,0.175438596,0.175438596,0,0,0,0,0,0,0,0,0,0,0,0,0.035087719,0,0,3.987162775
180,Al0.200 Co0.200 Cr0.200 Fe0.200 Ni0.200 ,4,1.301,0.05,0,7.2,2.481934729,13.38161053,-12.32,1828.103957,5.603101633,1.29,0.120565335,1.778,1.434,1683.074,0.24260764,4.12,0.2,0.2,0.2,0.2,0.2,0,0,0,0,0,0,0,0,0,0,0,0,0,0,0,0,4.534617149
181,Al0.245 Co0.189 Cr0.189 Fe0.189 Ni0.189 ,4,1.301,0.05,0,6.962264151,2.59870987,13.33102043,-13.61338555,1606.608261,5.970144298,1.298037736,0.123370836,1.768490566,1.523207547,1640.637925,0.263793401,4.078679245,0.245283019,0.188679245,0.188679245,0.188679245,0.188679245,0,0,0,0,0,0,0,0,0,0,0,0,0,0,0,0,4.319664487
182,Al0.273 Co0.182 Cr0.182 Fe0.182 Ni0.182 ,4,1.301,0.05,0,6.818181818,2.656661672,13.2546386,-14.28099174,1498.857314,6.147728884,1.302909091,0.12468804,1.762727273,1.577272727,1614.919091,0.27555505,4.053636364,0.272727273,0.181818182,0.181818182,0.181818182,0.181818182,0,0,0,0,0,0,0,0,0,0,0,0,0,0,0,0,4.503070352
183,Al0.310 Co0.172 Cr0.172 Fe0.172 Ni0.172 ,4,1.301,0.05,0,6.620689655,2.721736174,13.09894753,-15.05350773,1374.561308,6.343588146,1.309586207,0.126043799,1.754827586,1.65137931,1579.666552,0.290487766,4.019310345,0.310344828,0.172413793,0.172413793,0.172413793,0.172413793,0,0,0,0,0,0,0,0,0,0,0,0,0,0,0,0,5.119186408
184,Al0.333 Co0.167 Cr0.167 Fe0.167 Ni0.167 ,4,1.301,0.05,0,6.5,2.753785274,12.97646755,-15.44444444,1309.139797,6.438668013,1.313666667,0.126622799,1.75,1.696666667,1558.123333,0.298974102,3.998333333,0.333333333,0.166666667,0.166666667,0.166666667,0.166666667,0,0,0,0,0,0,0,0,0,0,0,0,0,0,0,0,5.431798276
185,Fe0.333 Ni0.333 Cu0.167 Ti0.167 ,0,7,0.6128,0,8.5,2.291287847,11.05541889,-9.666666667,1974.492096,6.213479832,1.285666667,0.129871732,1.82,1.093333333,1726.461667,0.103583966,4.296666667,0,0,0,0.333333333,0.333333333,0.166666667,0.166666667,0,0,0,0,0,0,0,0,0,0,0,0,0,0,4.628932138
186,Fe0.303 Cr0.091 Ni0.303 Cu0.152 Ti0.152 ,0,7,0.6128,0,8.272727273,2.299838298,12.5832661,-8.595041322,2587.92754,5.928050731,1.285151515,0.132094799,1.805454545,1.077575758,1767.692424,0.121428482,4.278787879,0,0,0.090909091,0.303030303,0.303030303,0.151515152,0.151515152,0,0,0,0,0,0,0,0,0,0,0,0,0,0,5.782516056
187,Fe0.270 Cr0.189 Ni0.270 Cu0.135 Ti0.135 ,0,7,0.6128,0,8.027027027,2.283743803,12.99674261,-7.479912345,3148.908231,5.602264025,1.284594595,0.132674902,1.78972973,1.060540541,1812.266216,0.13229767,4.259459459,0,0,0.189189189,0.27027027,0.27027027,0.135135135,0.135135135,0,0,0,0,0,0,0,0,0,0,0,0,0,0,6.22475374
188,Fe0.238 Cr0.286 Ni0.238 Cu0.119 Ti0.119 ,0,7,0.6128,0,7.785714286,2.241764975,12.8710176,-6.428571429,3716.093982,5.261748579,1.284047619,0.131423395,1.774285714,1.043809524,1856.044048,0.137175329,4.24047619,0,0,0.285714286,0.238095238,0.238095238,0.119047619,0.119047619,0,0,0,0,0,0,0,0,0,0,0,0,0,0,6.003926346
189,Fe0.333 Ni0.333 Cu0.167 Ti0.167 ,1,0,0,0.5,8.5,2.291287847,11.05541889,-9.666666667,1974.492096,6.213479832,1.285666667,0.129871732,1.82,1.093333333,1726.461667,0.103583966,4.296666667,0,0,0,0.333333333,0.333333333,0.166666667,0.166666667,0,0,0,0,0,0,0,0,0,0,0,0,0,0,3.397940009
190,Fe0.303 Cr0.091 Ni0.303 Cu0.152 Ti0.152 ,1,0,0,0.5,8.272727273,2.299838298,12.5832661,-8.595041322,2587.92754,5.928050731,1.285151515,0.132094799,1.805454545,1.077575758,1767.692424,0.121428482,4.278787879,0,0,0.090909091,0.303030303,0.303030303,0.151515152,0.151515152,0,0,0,0,0,0,0,0,0,0,0,0,0,0,5.303643611
191,Fe0.286 Cr0.143 Ni0.286 Cu0.143 Ti0.143 ,1,0,0,0.5,8.142857143,2.294625486,12.88596992,-8,2885.253805,5.75825743,1.284857143,0.132634222,1.797142857,1.068571429,1791.252857,0.12803728,4.268571429,0,0,0.142857143,0.285714286,0.285714286,0.142857143,0.142857143,0,0,0,0,0,0,0,0,0,0,0,0,0,0,6.134896025
192,Fe0.270 Cr0.189 Ni0.270 Cu0.135 Ti0.135 ,1,0,0,0.5,8.027027027,2.283743803,12.99674261,-7.479912345,3148.908231,5.602264025,1.284594595,0.132674902,1.78972973,1.060540541,1812.266216,0.13229767,4.259459459,0,0,0.189189189,0.27027027,0.27027027,0.135135135,0.135135135,0,0,0,0,0,0,0,0,0,0,0,0,0,0,6.262807357
193,Fe0.256 Cr0.231 Ni0.256 Cu0.128 Ti0.128 ,1,0,0,0.5,7.923076923,2.268904801,12.99567525,-7.021696252,3389.024055,5.458297229,1.284358974,0.132358368,1.783076923,1.053333333,1831.124359,0.135007401,4.251282051,0,0,0.230769231,0.256410256,0.256410256,0.128205128,0.128205128,0,0,0,0,0,0,0,0,0,0,0,0,0,0,6.488116639
194,Fe0.238 Cr0.286 Ni0.238 Cu0.119 Ti0.119 ,1,0,0,0.5,7.785714286,2.241764975,12.8710176,-6.428571429,3716.093982,5.261748579,1.284047619,0.131423395,1.774285714,1.043809524,1856.044048,0.137175329,4.24047619,0,0,0.285714286,0.238095238,0.238095238,0.119047619,0.119047619,0,0,0,0,0,0,0,0,0,0,0,0,0,0,6.054531415
195,Fe0.269 Cr0.188 Ni0.269 Cu0.134 Ti0.134 Y0.005 ,1,0,0,0.5,8,2.307071877,13.20504692,-7.560411608,3165.18727,6.302343726,1.287376344,0.138721763,1.786666667,1.064892473,1812.194892,0.13194783,4.260053763,0,0,0.188172043,0.268817204,0.268817204,0.134408602,0.134408602,0,0,0,0,0,0,0,0,0,0,0,0,0,0.005376344,
196,Fe0.267 Cr0.187 Ni0.267 Cu0.134 Ti0.134 Y0.011 ,1,0,0,0.5,7.973262032,2.329612107,13.34972449,-7.638765764,3166.920065,6.913908924,1.290128342,0.144391166,1.783636364,1.069197861,1812.124332,0.131600751,4.260641711,0,0,0.187165775,0.267379679,0.267379679,0.13368984,0.13368984,0,0,0,0,0,0,0,0,0,0,0,0,0,0.010695187,
197,Fe0.266 Cr0.186 Ni0.266 Cu0.133 Ti0.133 Y0.016 ,1,0,0,0.5,7.946808511,2.351400765,13.46995835,-7.715029425,3163.733744,7.459327284,1.292851064,0.149728893,1.780638298,1.073457447,1812.054521,0.131256396,4.261223404,0,0,0.186170213,0.265957447,0.265957447,0.132978723,0.132978723,0,0,0,0,0,0,0,0,0,0,0,0,0,0.015957447,
198,Fe0.265 Cr0.185 Ni0.265 Cu0.132 Ti0.132 Y0.021 ,1,0,0,0.5,7.920634921,2.372471669,13.57420554,-7.78925562,3157.716748,7.952728386,1.295544974,0.154771989,1.777671958,1.077671958,1811.98545,0.13091473,4.261798942,0,0,0.185185185,0.264550265,0.264550265,0.132275132,0.132275132,0,0,0,0,0,0,0,0,0,0,0,0,0,0.021164021,
199,Fe0.263 Cr0.184 Ni0.263 Cu0.132 Ti0.132 Y0.026 ,1,0,0,0.5,7.894736842,2.392856405,13.66652994,-7.861495845,3149.861025,8.403741407,1.298210526,0.159550963,1.774736842,1.081842105,1811.917105,0.130575718,4.262368421,0,0,0.184210526,0.263157895,0.263157895,0.131578947,0.131578947,0,0,0,0,0,0,0,0,0,0,0,0,0,0.026315789,
200,Fe0.250 Co0.250 Ni0.250 Cr0.250 ,0,7,0.6128,0,8.25,1.479019946,11.52629192,-3.75,5749.314412,1.206935347,1.2545,0.096695398,1.82,1.04,1870.5,0.096779969,4.3025,0,0.25,0.25,0.25,0.25,0,0,0,0,0,0,0,0,0,0,0,0,0,0,0,0,4.987162775
201,Fe0.241 Co0.241 Ni0.241 Cr0.241 Nb0.036 ,0,7,0.6128,0,8.13253012,1.573661867,12.40250798,-6.201190303,3803.966777,2.839621494,1.260807229,0.103432174,1.812048193,1.050120482,1901.963855,0.126607004,4.42060241,0,0.240963855,0.240963855,0.240963855,0.240963855,0,0,0,0,0,0,0.036144578,0,0,0,0,0,0,0,0,0,5.394694954
202,Fe0.231 Co0.231 Ni0.231 Cr0.231 Nb0.076 ,0,7,0.6128,0,8.002309469,1.662657164,12.88792726,-8.691709914,2871.919494,3.828251797,1.267799076,0.109749594,1.803233256,1.061339492,1936.842956,0.149303302,4.551524249,0,0.230946882,0.230946882,0.230946882,0.230946882,0,0,0,0,0,0,0.076212471,0,0,0,0,0,0,0,0,0,4.935542011
203,Fe0.222 Co0.222 Ni0.222 Cr0.222 Nb0.111 ,0,7,0.6128,0,7.888888889,1.728483243,13.14594406,-10.66666667,2424.468121,4.448389386,1.273888889,0.114417473,1.795555556,1.071111111,1967.222222,0.163909006,4.665555556,0,0.222222222,0.222222222,0.222222222,0.222222222,0,0,0,0,0,0,0.111111111,0,0,0,0,0,0,0,0,0,5.026410377
204,Fe0.250 Co0.250 Ni0.250 Cr0.250 ,1,0,0,0.5,8.25,1.479019946,11.52629192,-3.75,5749.314412,1.206935347,1.2545,0.096695398,1.82,1.04,1870.5,0.096779969,4.3025,0,0.25,0.25,0.25,0.25,0,0,0,0,0,0,0,0,0,0,0,0,0,0,0,0,5.266000713
205,Fe0.241 Co0.241 Ni0.241 Cr0.241 Nb0.036 ,1,0,0,0.5,8.13253012,1.573661867,12.40250798,-6.201190303,3803.966777,2.839621494,1.260807229,0.103432174,1.812048193,1.050120482,1901.963855,0.126607004,4.42060241,0,0.240963855,0.240963855,0.240963855,0.240963855,0,0,0,0,0,0,0.036144578,0,0,0,0,0,0,0,0,0,5.216096421
206,Fe0.231 Co0.231 Ni0.231 Cr0.231 Nb0.076 ,1,0,0,0.5,8.002309469,1.662657164,12.88792726,-8.691709914,2871.919494,3.828251797,1.267799076,0.109749594,1.803233256,1.061339492,1936.842956,0.149303302,4.551524249,0,0.230946882,0.230946882,0.230946882,0.230946882,0,0,0,0,0,0,0.076212471,0,0,0,0,0,0,0,0,0,4.585026652
207,Fe0.222 Co0.222 Ni0.222 Cr0.222 Nb0.111 ,1,0,0,0.5,7.888888889,1.728483243,13.14594406,-10.66666667,2424.468121,4.448389386,1.273888889,0.114417473,1.795555556,1.071111111,1967.222222,0.163909006,4.665555556,0,0.222222222,0.222222222,0.222222222,0.222222222,0,0,0,0,0,0,0.111111111,0,0,0,0,0,0,0,0,0,4.521433504
208,Co0.250 Cr0.250 Fe0.250 Ni0.250 ,4,0,1,0,8.25,1.479019946,11.52629192,-3.75,5749.314412,1.206935347,1.2545,0.096695398,1.82,1.04,1870.5,0.096779969,4.3025,0,0.25,0.25,0.25,0.25,0,0,0,0,0,0,0,0,0,0,0,0,0,0,0,0,2.649751982
209,Co0.167 Cr0.167 Fe0.167 Ni0.167 Cu0.333 ,4,0,1,0,9.166666667,1.771690969,12.97646755,6.111111111,3608.946732,1.315014481,1.262333333,0.087496032,1.846666667,1.026666667,1699.59,0.166696328,4.031666667,0,0.166666667,0.166666667,0.166666667,0.166666667,0.333333333,0,0,0,0,0,0,0,0,0,0,0,0,0,0,0,2.625251654
210,Co0.125 Cr0.125 Fe0.125 Ni0.125 Cu0.500 ,4,0,1,0,9.625,1.72753437,11.52629192,7.8125,2381.438876,1.255371951,1.26625,0.079214898,1.86,1.02,1614.135,0.177522706,3.89625,0,0.125,0.125,0.125,0.125,0.5,0,0,0,0,0,0,0,0,0,0,0,0,0,0,0,2.515700161
211,Co0.100 Cr0.100 Fe0.100 Ni0.100 Cu0.600 ,4,0,1,0,9.9,1.640121947,10.20624677,7.8,2044.994261,1.18040716,1.2686,0.072636079,1.868,1.016,1562.862,0.176629676,3.815,0,0.1,0.1,0.1,0.1,0.6,0,0,0,0,0,0,0,0,0,0,0,0,0,0,0,2.525783736
212,Cu0.488 Co0.122 Cr0.122 Fe0.122 Ni0.122 V0.024 ,4,0,1,0,9.512195122,1.849481816,12.198543,7.186198691,2762.711881,1.529073684,1.26804878,0.08591115,1.854390244,1.017073171,1627.521951,0.181516451,3.930731707,0,0.12195122,0.12195122,0.12195122,0.12195122,0.487804878,0,0.024390244,0,0,0,0,0,0,0,0,0,0,0,0,0,3.099632871
213,Cu0.476 Co0.119 Cr0.119 Fe0.119 Ni0.119 V0.048 ,4,0,1,0,9.404761905,1.952526127,12.56917544,6.609977324,3119.051451,1.738548153,1.269761905,0.091516575,1.849047619,1.014285714,1640.271429,0.184777552,3.963571429,0,0.119047619,0.119047619,0.119047619,0.119047619,0.476190476,0,0.047619048,0,0,0,0,0,0,0,0,0,0,0,0,0,3.066512712
214,Cu0.465 Co0.116 Cr0.116 Fe0.116 Ni0.116 V0.070 ,4,0,1,0,9.302325581,2.040689392,12.82599837,6.078961601,3486.456903,1.907337806,1.271395349,0.096283002,1.843953488,1.011627907,1652.427907,0.187437889,3.994883721,0,0.11627907,0.11627907,0.11627907,0.11627907,0.465116279,0,0.069767442,0,0,0,0,0,0,0,0,0,0,0,0,0,2.463441557
215,Cu0.455 Co0.114 Cr0.114 Fe0.114 Ni0.114 V0.091 ,4,0,1,0,9.204545455,2.11681091,13.01133249,5.588842975,3874.016743,2.047358996,1.272954545,0.100381504,1.839090909,1.009090909,1664.031818,0.189600372,4.024772727,0,0.113636364,0.113636364,0.113636364,0.113636364,0.454545455,0,0.090909091,0,0,0,0,0,0,0,0,0,0,0,0,0,2.537602002
216,Fe0.400 Cr0.200 Ni0.200 Al0.100 Ti0.100 ,0,7,0.6128,0,7.1,2.211334439,12.22898133,-13.68,1601.064184,6.168311988,1.291,0.124695629,1.761,1.251,1791.037,0.182460606,4.244,0.1,0,0.2,0.4,0.2,0,0.1,0,0,0,0,0,0,0,0,0,0,0,0,0,0,6.665546249
217,Fe0.571 Cr0.143 Ni0.143 Al0.071 Ti0.071 ,0,7,0.6128,0,7.357142857,1.912632548,10.41605022,-9.755102041,1917.562051,5.560474814,1.276714286,0.109900233,1.780714286,1.193571429,1795.883571,0.153850381,4.254285714,0.071428571,0,0.142857143,0.571428571,0.142857143,0,0.071428571,0,0,0,0,0,0,0,0,0,0,0,0,0,0,6.129011186
218,Fe0.667 Cr0.111 Ni0.111 Al0.056 Ti0.056 ,0,7,0.6128,0,7.5,1.707825128,8.977412559,-7.580246914,2130.083618,5.071419078,1.268777778,0.099065074,1.791666667,1.161666667,1798.576111,0.135509105,4.26,0.055555556,0,0.111111111,0.666666667,0.111111111,0,0.055555556,0,0,0,0,0,0,0,0,0,0,0,0,0,0,5.970616222
219,Fe0.667 Cr0.167 Ni0.167 ,0,7,0.6128,0,8,1.154700538,7.213321583,-2.111111111,6342.787562,1.143842456,1.248333333,0.075221894,1.815,1.046666667,1856.333333,0.079626092,4.276666667,0,0,0.166666667,0.666666667,0.166666667,0,0,0,0,0,0,0,0,0,0,0,0,0,0,0,0,6.752026734
220,Fe0.645 Cr0.161 Ni0.161 Al0.016 Ti0.016 ,0,7,0.6128,0,7.85483871,1.389439133,8.351401357,-3.943808533,3902.062793,3.020820399,1.254741935,0.085518709,1.807258065,1.07983871,1842.683387,0.101225196,4.271612903,0.016129032,0,0.161290323,0.64516129,0.161290323,0,0.016129032,0,0,0,0,0,0,0,0,0,0,0,0,0,0,6.869666232
221,Fe0.606 Cr0.152 Ni0.152 Al0.045 Ti0.045 ,0,7,0.6128,0,7.590909091,1.705403824,9.614372721,-7.116620753,2455.889556,4.649964298,1.266393939,0.100078138,1.793181818,1.140151515,1817.865303,0.131759906,4.262424242,0.045454545,0,0.151515152,0.606060606,0.151515152,0,0.045454545,0,0,0,0,0,0,0,0,0,0,0,0,0,0,6.195179321
222,Fe0.588 Cr0.147 Ni0.147 Al0.059 Ti0.059 ,0,7,0.6128,0,7.470588235,1.818779392,10.05429864,-8.494809689,2138.200348,5.158475149,1.271705882,0.105432459,1.786764706,1.167647059,1806.551176,0.143553039,4.258235294,0.058823529,0,0.147058824,0.588235294,0.147058824,0,0.058823529,0,0,0,0,0,0,0,0,0,0,0,0,0,0,6.769551079
223,Fe0.586 Cr0.171 Ni0.152 Al0.045 Ti0.045 ,0,7,0.6128,0,7.551515152,1.718547874,9.828503601,-7.17117539,2501.530199,4.640677846,1.267162121,0.101622308,1.789833333,1.137590909,1825.192576,0.134090511,4.258878788,0.045454545,0,0.171212121,0.586363636,0.151515152,0,0.045454545,0,0,0,0,0,0,0,0,0,0,0,0,0,0,6.89279003
224,Fe0.568 Cr0.189 Ni0.152 Al0.045 Ti0.045 ,0,7,0.6128,0,7.515151515,1.729796137,10.00447671,-7.218778696,2538.900834,4.631404264,1.267871212,0.102930517,1.786742424,1.135227273,1831.956212,0.136068083,4.255606061,0.045454545,0,0.189393939,0.568181818,0.151515152,0,0.045454545,0,0,0,0,0,0,0,0,0,0,0,0,0,0,7.036684489
225,Fe0.552 Cr0.206 Ni0.152 Al0.045 Ti0.045 ,0,7,0.6128,0,7.481818182,1.739375462,10.14873772,-7.260091827,2569.521947,4.622310308,1.268521212,0.104034628,1.783909091,1.133060606,1838.156212,0.137743051,4.252606061,0.045454545,0,0.206060606,0.551515152,0.151515152,0,0.045454545,0,0,0,0,0,0,0,0,0,0,0,0,0,0,6.215382707
226,Fe0.535 Cr0.223 Ni0.152 Al0.045 Ti0.045 ,0,7,0.6128,0,7.448484848,1.748266884,10.27758994,-7.299182736,2596.939621,4.612647284,1.269171212,0.105050754,1.781075758,1.130893939,1844.356212,0.139293207,4.249606061,0.045454545,0,0.222727273,0.534848485,0.151515152,0,0.045454545,0,0,0,0,0,0,0,0,0,0,0,0,0,0,6.393618635
227,Fe0.505 Cr0.253 Ni0.152 Al0.045 Ti0.045 ,0,7,0.6128,0,7.387878788,1.762704117,10.47462252,-7.36456382,2639.261896,4.593613935,1.27035303,0.106680891,1.775924242,1.126954545,1855.628939,0.141811381,4.244151515,0.045454545,0,0.253030303,0.504545455,0.151515152,0,0.045454545,0,0,0,0,0,0,0,0,0,0,0,0,0,0,6.728158393
228,Al0.090 Cr0.293 Fe0.293 Ni0.293 Ti0.030 ,0,7,0.6128,0,7.429942994,2.179895112,11.65023675,-10.38392028,2039.807087,4.858334266,1.277728873,0.119247348,1.77509751,1.223251325,1818.091309,0.183898649,4.211127113,0.090009001,0,0.293329333,0.293329333,0.293329333,0,0.030003,0,0,0,0,0,0,0,0,0,0,0,0,0,0,5.050609993
229,Al0.080 Cr0.293 Fe0.293 Ni0.293 Ti0.040 ,0,7,0.6128,0,7.439943994,2.161766861,11.72425519,-10.63168183,2015.953609,4.920736214,1.278028903,0.120414303,1.77439744,1.204549455,1828.088609,0.176400219,4.225728573,0.080008001,0,0.293329333,0.293329333,0.293329333,0,0.040004,0,0,0,0,0,0,0,0,0,0,0,0,0,0,5.131943638
230,Al0.060 Cr0.293 Fe0.293 Ni0.293 Ti0.060 ,0,7,0.6128,0,7.459945995,2.124905259,11.7807656,-11.05519053,1969.376741,5.04272562,1.278628963,0.122702945,1.7729973,1.167145715,1848.083208,0.160332773,4.254931493,0.060006001,0,0.293329333,0.293329333,0.293329333,0,0.060006001,0,0,0,0,0,0,0,0,0,0,0,0,0,0,5.048662481
231,Al0.040 Cr0.293 Fe0.293 Ni0.293 Ti0.080 ,0,7,0.6128,0,7.479947995,2.08720114,11.72425519,-11.38268002,1924.135695,5.16118466,1.279229023,0.124933983,1.77159716,1.129741974,1868.077808,0.142444047,4.284134413,0.040004,0,0.293329333,0.293329333,0.293329333,0,0.080008001,0,0,0,0,0,0,0,0,0,0,0,0,0,0,4.931814138
232,Al0.030 Cr0.293 Fe0.293 Ni0.293 Ti0.090 ,0,7,0.6128,0,7.489948995,2.068018776,11.65023675,-11.51041757,1900.888434,5.219166209,1.279529053,0.12602886,1.77089709,1.111040104,1878.075108,0.13259424,4.298735874,0.030003,0,0.293329333,0.293329333,0.293329333,0,0.090009001,0,0,0,0,0,0,0,0,0,0,0,0,0,0,4.844663963
233,Cr0.333 Fe0.333 Ni0.333 ,0,7,0.6128,0,8,1.632993162,9.134370237,-4.444444444,3914.534365,1.379898213,1.255666667,0.104243305,1.8,1.043333333,1904.666667,0.103717456,4.273333333,0,0,0.333333333,0.333333333,0.333333333,0,0,0,0,0,0,0,0,0,0,0,0,0,0,0,0,4.995678626
234,Cr0.182 Fe0.182 Ni0.455 Mo0.182 ,0,7,0.6128,0,8.181818182,1.79990817,10.71112497,-5.685950413,3834.707286,4.284406838,1.277454545,0.153880924,1.895454545,1.138181818,2035.636364,0.214377167,4.781818182,0,0,0.181818182,0.181818182,0.454545455,0,0,0,0,0,0.181818182,0,0,0,0,0,0,0,0,0,0,5.677780705
235,Al0.035 Cr0.175 Fe0.175 Ni0.439 Mo0.175 ,0,7,0.6128,0,8,2.008752777,11.59913842,-7.28839643,3178.068008,4.740894768,1.282877193,0.160022698,1.885438596,1.203859649,1996.960351,0.237475358,4.732982456,0.035087719,0,0.175438596,0.175438596,0.438596491,0,0,0,0,0,0.175438596,0,0,0,0,0,0,0,0,0,0,6.236572006
236,Al0.083 Cr0.167 Fe0.167 Ni0.417 Mo0.167 ,0,7,0.6128,0,7.75,2.24072161,12.20341813,-9.277777778,2556.729729,5.239316821,1.290333333,0.167124372,1.871666667,1.294166667,1943.780833,0.266022525,4.665833333,0.083333333,0,0.166666667,0.166666667,0.416666667,0,0,0,0,0,0.166666667,0,0,0,0,0,0,0,0,0,0,6.366531544
237,Al0.154 Cr0.154 Fe0.154 Ni0.385 Mo0.154 ,0,7,0.6128,0,7.384615385,2.497335859,12.63284958,-11.73964497,2008.034866,5.773433527,1.301230769,0.175053669,1.851538462,1.426153846,1866.056923,0.302815789,4.567692308,0.153846154,0,0.153846154,0.153846154,0.384615385,0,0,0,0,0,0.153846154,0,0,0,0,0,0,0,0,0,0,6.337242168
238,Al0.036 Cr0.182 Fe0.182 Ni0.455 Mo0.145 ,0,7,0.6128,0,8.072727273,2.007753566,11.46759351,-7.285950413,3091.796773,4.559800998,1.278981818,0.15393999,1.875454545,1.197090909,1964.377091,0.229257448,4.657090909,0.036363636,0,0.181818182,0.181818182,0.454545455,0,0,0,0,0,0.145454545,0,0,0,0,0,0,0,0,0,0,6.356547324
239,Al0.091 Cr0.182 Fe0.182 Ni0.455 Mo0.091 ,0,7,0.6128,0,7.909090909,2.274544728,11.75896969,-9.58677686,2278.361908,4.936609658,1.281272727,0.149079822,1.845454545,1.285454545,1857.488182,0.242162062,4.47,0.090909091,0,0.181818182,0.181818182,0.454545455,0,0,0,0,0,0.090909091,0,0,0,0,0,0,0,0,0,0,6.744727495
240,Al0.145 Cr0.182 Fe0.182 Ni0.455 Mo0.036 ,0,7,0.6128,0,7.745454545,2.502494623,11.46759351,-11.76859504,1705.824764,5.278169954,1.283563636,0.137666503,1.815454545,1.373818182,1750.599273,0.241679412,4.282909091,0.145454545,0,0.181818182,0.181818182,0.454545455,0,0,0,0,0,0.036363636,0,0,0,0,0,0,0,0,0,0,6.585026652
241,Al0.182 Cr0.182 Fe0.182 Ni0.455 ,0,7,0.6128,0,7.636363636,2.637930569,10.71112497,-13.15702479,1367.149556,5.489612322,1.285090909,0.125579648,1.795454545,1.432727273,1679.34,0.231201583,4.158181818,0.181818182,0,0.181818182,0.181818182,0.454545455,0,0,0,0,0,0,0,0,0,0,0,0,0,0,0,0,6.292429824
242,Al0.172 Ti0.138 Fe0.345 Cr0.345 ,0,7,0.6128,0,5.896551724,1.863345667,10.89696562,-12.88941736,1524.053885,6.63389035,1.317862069,0.106131859,1.693448276,1.355517241,1802.718966,0.236480623,4.143103448,0.172413793,0,0.344827586,0.344827586,0,0,0.137931034,0,0,0,0,0,0,0,0,0,0,0,0,0,0,5.350665141
243,Al0.159 Ti0.127 Fe0.317 Cr0.317 Ni0.079 ,0,7,0.6128,0,6.222222222,2.103998042,12.33702843,-14.35122197,1544.473173,6.562030563,1.31215873,0.117458172,1.710634921,1.34,1796.630159,0.227963884,4.166666667,0.158730159,0,0.317460317,0.317460317,0.079365079,0,0.126984127,0,0,0,0,0,0,0,0,0,0,0,0,0,0,5.036212173
244,Al0.147 Ti0.118 Fe0.294 Cr0.294 Ni0.147 ,0,7,0.6128,0,6.5,2.252449647,12.76636732,-15.25951557,1498.746121,6.475816836,1.307294118,0.124457299,1.725294118,1.326764706,1791.436765,0.220299438,4.186764706,0.147058824,0,0.294117647,0.294117647,0.147058824,0,0.117647059,0,0,0,0,0,0,0,0,0,0,0,0,0,0,5.190440285
245,Al0.137 Ti0.110 Fe0.274 Cr0.274 Ni0.205 ,0,7,0.6128,0,6.739726027,2.34682763,12.880823,-15.79283168,1457.46177,6.381817444,1.30309589,0.128861813,1.737945205,1.315342466,1786.954795,0.21335501,4.204109589,0.136986301,0,0.273972603,0.273972603,0.205479452,0,0.109589041,0,0,0,0,0,0,0,0,0,0,0,0,0,0,5.280668713
246,Al0.128 Ti0.103 Fe0.256 Cr0.256 Ni0.256 ,0,7,0.6128,0,6.948717949,2.406707699,12.83603382,-16.06837607,1424.366538,6.284117008,1.299435897,0.131593681,1.748974359,1.305384615,1783.047436,0.207025174,4.219230769,0.128205128,0,0.256410256,0.256410256,0.256410256,0,0.102564103,0,0,0,0,0,0,0,0,0,0,0,0,0,0,5.517126416
247,Al0.120 Ti0.096 Fe0.241 Cr0.241 Ni0.301 ,0,7,0.6128,0,7.13253012,2.443437655,12.70221418,-16.16490057,1398.40007,6.185293392,1.296216867,0.133197662,1.758674699,1.296626506,1779.610843,0.201224783,4.23253012,0.120481928,0,0.240963855,0.240963855,0.301204819,0,0.096385542,0,0,0,0,0,0,0,0,0,0,0,0,0,0,5.728158393
248,Al0.114 Ti0.091 Fe0.227 Cr0.227 Ni0.341 ,0,7,0.6128,0,7.295454545,2.464101768,12.51695444,-16.13636364,1378.07878,6.086983147,1.293363636,0.1340177,1.767272727,1.288863636,1776.564773,0.195884253,4.244318182,0.113636364,0,0.227272727,0.227272727,0.340909091,0,0.090909091,0,0,0,0,0,0,0,0,0,0,0,0,0,0,5.480172006
249,Al0.164 Co0.164 Cr0.164 Fe0.164 Ni0.328 Mo0.016 ,0,7,0.6128,0,7.639344262,2.482943698,13.45924087,-11.88927708,1935.742065,5.355967886,1.28442623,0.128003292,1.805901639,1.388360656,1709.945902,0.234103188,4.216721311,0.163934426,0.163934426,0.163934426,0.163934426,0.327868852,0,0,0,0,0,0.016393443,0,0,0,0,0,0,0,0,0,0,6.351639989
250,Al0.161 Co0.161 Cr0.161 Fe0.161 Ni0.323 Mo0.032 ,0,7,0.6128,0,7.612903226,2.471481459,13.74273145,-11.77939646,2017.213664,5.405395251,1.286129032,0.134574521,1.811612903,1.388387097,1729.027419,0.245287931,4.258709677,0.161290323,0.161290323,0.161290323,0.161290323,0.322580645,0,0,0,0,0,0.032258065,0,0,0,0,0,0,0,0,0,0,6.399027104
251,Al0.159 Co0.159 Cr0.159 Fe0.159 Ni0.317 Mo0.048 ,0,7,0.6128,0,7.587301587,2.460061431,13.95029508,-11.67044596,2088.882039,5.449515773,1.287777778,0.140423719,1.817142857,1.388412698,1747.503175,0.254747248,4.299365079,0.158730159,0.158730159,0.158730159,0.158730159,0.317460317,0,0,0,0,0,0.047619048,0,0,0,0,0,0,0,0,0,0,6.14327111
252,Al0.156 Co0.156 Cr0.156 Fe0.156 Ni0.312 Mo0.062 ,0,7,0.6128,0,7.5625,2.448692253,14.10929021,-11.5625,2154.254096,5.488858631,1.289375,0.145666571,1.8225,1.3884375,1765.401563,0.262809847,4.33875,0.15625,0.15625,0.15625,0.15625,0.3125,0,0,0,0,0,0.0625,0,0,0,0,0,0,0,0,0,0,6.074687909
253,Al0.167 Co0.167 Cr0.167 Fe0.167 Ni0.333 ,0,7,0.6128,0,7.666666667,2.494438258,12.97646755,-12,1827.766093,5.300627203,1.282666667,0.120554275,1.8,1.388333333,1690.228333,0.220735044,4.173333333,0.166666667,0.166666667,0.166666667,0.166666667,0.333333333,0,0,0,0,0,0,0,0,0,0,0,0,0,0,0,0,6.303643611
254,Al0.164 Co0.164 Cr0.164 Fe0.164 Ni0.328 V0.016 ,0,7,0.6128,0,7.62295082,2.496974789,13.45924087,-12.4160172,1840.646947,5.283680956,1.283606557,0.121495209,1.797213115,1.380327869,1697.978689,0.22076856,4.191967213,0.163934426,0.163934426,0.163934426,0.163934426,0.327868852,0,0,0.016393443,0,0,0,0,0,0,0,0,0,0,0,0,0,6.350665141
255,Al0.161 Co0.161 Cr0.161 Fe0.161 Ni0.323 V0.032 ,0,7,0.6128,0,7.580645161,2.498698933,13.74273145,-12.79916753,1831.208184,5.266306269,1.284516129,0.12233847,1.794516129,1.372580645,1705.479032,0.220706999,4.21,0.161290323,0.161290323,0.161290323,0.161290323,0.322580645,0,0,0.032258065,0,0,0,0,0,0,0,0,0,0,0,0,0,6.401209493
256,Al0.159 Co0.159 Cr0.159 Fe0.159 Ni0.317 V0.048 ,0,7,0.6128,0,7.53968254,2.499685039,13.95029508,-13.15192744,1816.71061,5.248563904,1.285396825,0.123093166,1.791904762,1.365079365,1712.74127,0.220561531,4.227460317,0.158730159,0.158730159,0.158730159,0.158730159,0.317460317,0,0,0.047619048,0,0,0,0,0,0,0,0,0,0,0,0,0,6.252588192
257,Al0.156 Co0.156 Cr0.156 Fe0.156 Ni0.312 V0.062 ,0,7,0.6128,0,7.5,2.5,14.10929021,-13.4765625,1800.520468,5.230508126,1.28625,0.12376736,1.789375,1.3578125,1719.776563,0.22034194,4.244375,0.15625,0.15625,0.15625,0.15625,0.3125,0,0,0.0625,0,0,0,0,0,0,0,0,0,0,0,0,0,6.191789027
258,Al0.167 Cr0.167 Fe0.333 Ni0.333 ,0,7,0.6128,0,7.5,2.43241992,11.05541889,-11.11111111,1688.389653,5.375658174,1.281,0.116392535,1.791666667,1.391666667,1696.895,0.220860049,4.155,0.166666667,0,0.166666667,0.333333333,0.333333333,0,0,0,0,0,0,0,0,0,0,0,0,0,0,0,0,6.603800653
259,Al0.164 Cr0.164 Fe0.328 Ni0.328 V0.016 ,0,7,0.6128,0,7.459016393,2.433197791,11.56968481,-11.48078474,1717.734936,5.359350142,1.281967213,0.117245782,1.789016393,1.383606557,1704.536066,0.220807664,4.173934426,0.163934426,0,0.163934426,0.327868852,0.327868852,0,0,0.016393443,0,0,0,0,0,0,0,0,0,0,0,0,0,6.754487332
260,Al0.161 Cr0.161 Fe0.323 Ni0.323 V0.032 ,0,7,0.6128,0,7.419354839,2.433293183,11.88365211,-11.82101977,1721.001116,5.342551985,1.282903226,0.118008977,1.786451613,1.375806452,1711.930645,0.220667711,4.192258065,0.161290323,0,0.161290323,0.322580645,0.322580645,0,0,0.032258065,0,0,0,0,0,0,0,0,0,0,0,0,0,6.899629455
261,Al0.159 Cr0.159 Fe0.317 Ni0.317 V0.048 ,0,7,0.6128,0,7.380952381,2.432769481,12.12072494,-12.1340388,1717.204234,5.325329689,1.283809524,0.11869047,1.783968254,1.368253968,1719.090476,0.220450549,4.21,0.158730159,0,0.158730159,0.317460317,0.317460317,0,0,0.047619048,0,0,0,0,0,0,0,0,0,0,0,0,0,6.411168274
262,Al0.156 Cr0.156 Fe0.312 Ni0.312 V0.062 ,0,7,0.6128,0,7.34375,2.431683766,12.3083071,-12.421875,1710.246238,5.307742234,1.2846875,0.119297668,1.7815625,1.3609375,1726.026563,0.220165258,4.2271875,0.15625,0,0.15625,0.3125,0.3125,0,0,0.0625,0,0,0,0,0,0,0,0,0,0,0,0,0,6.235823868
263,Al0.167 Cr0.267 Fe0.167 Ni0.367 Si0.033 ,2,14,0,0,7.233333333,2.577897507,11.89776301,-16.25333333,1264.341066,5.548683273,1.282133333,0.125498561,1.779666667,1.480666667,1727.195,0.232207701,4.154,0.166666667,0,0.266666667,0.166666667,0.366666667,0,0,0,0.033333333,0,0,0,0,0,0,0,0,0,0,0,0,5.200659451
264,Al0.167 Cr0.267 Fe0.200 Ni0.333 Si0.033 ,2,14,0,0,7.166666667,2.530919903,12.0772528,-15.81777778,1320.841783,5.556445058,1.281966667,0.12353542,1.777,1.477,1729.928333,0.231992187,4.148666667,0.166666667,0,0.266666667,0.2,0.333333333,0,0,0,0.033333333,0,0,0,0,0,0,0,0,0,0,0,0,5.317854924
265,Al0.167 Cr0.267 Fe0.233 Ni0.300 Si0.033 ,2,14,0,0,7.1,2.481263119,12.18257362,-15.36444444,1373.839346,5.564169566,1.2818,0.121482052,1.774333333,1.473333333,1732.661667,0.231766517,4.143333333,0.166666667,0,0.266666667,0.233333333,0.3,0,0,0,0.033333333,0,0,0,0,0,0,0,0,0,0,0,0,5.2069084
266,Al0.167 Cr0.267 Fe0.267 Ni0.267 Si0.033 ,2,14,0,0,7.033333333,2.428762831,12.21730799,-14.89333333,1423.580251,5.571856931,1.281633333,0.119333799,1.771666667,1.469666667,1735.395,0.231530758,4.138,0.166666667,0,0.266666667,0.266666667,0.266666667,0,0,0,0.033333333,0,0,0,0,0,0,0,0,0,0,0,0,5.238824187
267,Al0.167 Cr0.267 Fe0.300 Ni0.233 Si0.033 ,2,14,0,0,6.966666667,2.373230335,12.18257362,-14.40444444,1470.023815,5.579507286,1.281466667,0.117085439,1.769,1.466,1738.128333,0.231284977,4.132666667,0.166666667,0,0.266666667,0.3,0.233333333,0,0,0,0.033333333,0,0,0,0,0,0,0,0,0,0,0,0,5.338187314
268,Al0.167 Cr0.267 Fe0.333 Ni0.200 Si0.033 ,2,14,0,0,6.9,2.314447378,12.0772528,-13.89777778,1512.819299,5.587120759,1.2813,0.114731087,1.766333333,1.462333333,1740.861667,0.231029237,4.127333333,0.166666667,0,0.266666667,0.333333333,0.2,0,0,0,0.033333333,0,0,0,0,0,0,0,0,0,0,0,0,5.192464972
269,Al0.286 Cr0.286 Ti0.286 V0.143 ,0,7,0.6,0,4.428571429,1.178030179,11.23935679,-18.6122449,1057.265835,5.485350302,1.384,0.046510916,1.607142857,1.577142857,1750.82,0.300770136,4.284285714,0.285714286,0,0.285714286,0,0,0,0.285714286,0.142857143,0,0,0,0,0,0,0,0,0,0,0,0,0,6.882728704
270,Al0.270 Cr0.270 Ti0.270 V0.135 Cu0.054 ,0,7,0.6,0,4.783783784,1.87638432,12.38021745,-16.39152666,1306.31535,5.632420534,1.37827027,0.080197893,1.622972973,1.545945946,1729.574054,0.300547347,4.241351351,0.27027027,0,0.27027027,0,0,0.054054054,0.27027027,0.135135135,0,0,0,0,0,0,0,0,0,0,0,0,0,6.301899454
271,Al0.256 Cr0.256 Ti0.256 V0.128 Cu0.103 ,0,7,0.6,0,5.102564103,2.284786606,12.83603382,-14.51676529,1512.46697,5.737372698,1.373128205,0.099174767,1.637179487,1.517948718,1710.507179,0.299860483,4.202820513,0.256410256,0,0.256410256,0,0,0.102564103,0.256410256,0.128205128,0,0,0,0,0,0,0,0,0,0,0,0,0,6.158015195
272,Al0.244 Cr0.244 Ti0.244 V0.122 Cu0.146 ,0,7,0.6,0,5.390243902,2.565037429,13.05596775,-12.92088043,1711.003882,5.810901023,1.368487805,0.112075758,1.65,1.492682927,1693.300488,0.298815621,4.16804878,0.243902439,0,0.243902439,0,0,0.146341463,0.243902439,0.12195122,0,0,0,0,0,0,0,0,0,0,0,0,0,5.93930216
273,Al0.233 Cr0.233 Ti0.233 V0.116 Cu0.186 ,0,7,0.6,0,5.651162791,2.769297795,13.14290813,-11.55219037,1908.710201,5.860542249,1.36427907,0.121443455,1.661627907,1.469767442,1677.694419,0.297494276,4.136511628,0.23255814,0,0.23255814,0,0,0.186046512,0.23255814,0.11627907,0,0,0,0,0,0,0,0,0,0,0,0,0,5.661543506
274,Al0.222 Cr0.222 Ti0.222 V0.111 Cu0.222 ,0,7,0.6,0,5.888888889,2.922876986,13.14594406,-10.37037037,2108.695815,5.891763736,1.360444444,0.128476351,1.672222222,1.448888889,1663.475556,0.295959727,4.107777778,0.222222222,0,0.222222222,0,0,0.222222222,0.222222222,0.111111111,0,0,0,0,0,0,0,0,0,0,0,0,0,5.555955204
275,Al0.286 Cr0.286 Ti0.286 V0.143 ,2,14,0,0,4.428571429,1.178030179,11.23935679,-18.6122449,1057.265835,5.485350302,1.384,0.046510916,1.607142857,1.577142857,1750.82,0.300770136,4.284285714,0.285714286,0,0.285714286,0,0,0,0.285714286,0.142857143,0,0,0,0,0,0,0,0,0,0,0,0,0,5.809668302
276,Al0.270 Cr0.270 Ti0.270 V0.135 Cu0.054 ,2,14,0,0,4.783783784,1.87638432,12.38021745,-16.39152666,1306.31535,5.632420534,1.37827027,0.080197893,1.622972973,1.545945946,1729.574054,0.300547347,4.241351351,0.27027027,0,0.27027027,0,0,0.054054054,0.27027027,0.135135135,0,0,0,0,0,0,0,0,0,0,0,0,0,5.079876674
277,Al0.256 Cr0.256 Ti0.256 V0.128 Cu0.103 ,2,14,0,0,5.102564103,2.284786606,12.83603382,-14.51676529,1512.46697,5.737372698,1.373128205,0.099174767,1.637179487,1.517948718,1710.507179,0.299860483,4.202820513,0.256410256,0,0.256410256,0,0,0.102564103,0.256410256,0.128205128,0,0,0,0,0,0,0,0,0,0,0,0,0,5.063486258
278,Al0.244 Cr0.244 Ti0.244 V0.122 Cu0.146 ,2,14,0,0,5.390243902,2.565037429,13.05596775,-12.92088043,1711.003882,5.810901023,1.368487805,0.112075758,1.65,1.492682927,1693.300488,0.298815621,4.16804878,0.243902439,0,0.243902439,0,0,0.146341463,0.243902439,0.12195122,0,0,0,0,0,0,0,0,0,0,0,0,0,4.835647144
279,Al0.233 Cr0.233 Ti0.233 V0.116 Cu0.186 ,2,14,0,0,5.651162791,2.769297795,13.14290813,-11.55219037,1908.710201,5.860542249,1.36427907,0.121443455,1.661627907,1.469767442,1677.694419,0.297494276,4.136511628,0.23255814,0,0.23255814,0,0,0.186046512,0.23255814,0.11627907,0,0,0,0,0,0,0,0,0,0,0,0,0,4.761953897
280,Al0.222 Cr0.222 Ti0.222 V0.111 Cu0.222 ,2,14,0,0,5.888888889,2.922876986,13.14594406,-10.37037037,2108.695815,5.891763736,1.360444444,0.128476351,1.672222222,1.448888889,1663.475556,0.295959727,4.107777778,0.222222222,0,0.222222222,0,0,0.222222222,0.222222222,0.111111111,0,0,0,0,0,0,0,0,0,0,0,0,0,4.681936665
281,Co0.050 Cr0.200 Fe0.200 Mn0.200 Ni0.350 ,0,7,0.6128,0,8.15,1.558043645,12.32940863,-5,4422.558876,1.219504702,1.25685,0.142424541,1.7705,1.0615,1793.5,0.120667194,4.0335,0,0.05,0.2,0.2,0.35,0,0,0,0,0.2,0,0,0,0,0,0,0,0,0,0,0,6.206209615
282,Co0.100 Cr0.200 Fe0.200 Mn0.200 Ni0.300 ,0,7,0.6128,0,8.1,1.513274595,12.94655784,-4.72,4925.177808,1.208215932,1.2571,0.141099256,1.769,1.055,1795.6,0.120268834,4.031,0,0.1,0.2,0.2,0.3,0,0,0,0,0.2,0,0,0,0,0,0,0,0,0,0,0,6.194499142
283,Co0.150 Cr0.200 Fe0.200 Mn0.200 Ni0.250 ,0,7,0.6128,0,8.05,1.465435089,13.27656913,-4.44,5375.515388,1.196499378,1.25735,0.139745304,1.7675,1.0485,1797.7,0.119859469,4.0285,0,0.15,0.2,0.2,0.25,0,0,0,0,0.2,0,0,0,0,0,0,0,0,0,0,0,6.068033885
284,Co0.200 Cr0.200 Fe0.200 Mn0.200 Ni0.200 ,0,7,0.6128,0,8,1.414213562,13.38161053,-4.16,5789.476592,1.184342733,1.2576,0.138361844,1.766,1.042,1799.8,0.119439058,4.026,0,0.2,0.2,0.2,0.2,0,0,0,0,0.2,0,0,0,0,0,0,0,0,0,0,0,5.835647144
285,Co0.250 Cr0.200 Fe0.200 Mn0.200 Ni0.150 ,0,7,0.6128,0,7.95,1.359227722,13.27656913,-3.88,6165.734514,1.171732694,1.25785,0.136947983,1.7645,1.0355,1801.9,0.119007554,4.0235,0,0.25,0.2,0.2,0.15,0,0,0,0,0.2,0,0,0,0,0,0,0,0,0,0,0,5.777283529
286,Co0.300 Cr0.200 Fe0.200 Mn0.200 Ni0.100 ,0,7,0.6128,0,7.9,1.3,12.94655784,-3.6,6487.663984,1.158654855,1.2581,0.135502767,1.763,1.029,1804,0.118564908,4.021,0,0.3,0.2,0.2,0.1,0,0,0,0,0.2,0,0,0,0,0,0,0,0,0,0,0,5.518557371
287,Co0.200 Fe0.200 Mn0.200 Ni0.400 ,0,7,0.6128,0,8.8,1.166190379,11.07635214,-4.16,4550.357165,0.808076672,1.2508,0.136176356,1.816,1.09,1709,0.058935868,4.094,0,0.2,0,0.2,0.4,0,0,0,0,0.2,0,0,0,0,0,0,0,0,0,0,0,5.950781977
288,Co0.250 Fe0.200 Mn0.200 Ni0.350 ,0,7,0.6128,0,8.75,1.134680572,11.28926438,-4,4829.265072,0.803106455,1.25105,0.135295048,1.8145,1.0835,1711.1,0.05931206,4.0915,0,0.25,0,0.2,0.35,0,0,0,0,0.2,0,0,0,0,0,0,0,0,0,0,0,5.829738285
289,Co0.300 Fe0.200 Mn0.200 Ni0.300 ,0,7,0.6128,0,8.7,1.1,11.35887596,-3.84,5067.715181,0.797608963,1.2513,0.13439122,1.813,1.077,1713.2,0.059658788,4.089,0,0.3,0,0.2,0.3,0,0,0,0,0.2,0,0,0,0,0,0,0,0,0,0,0,5.665546249
290,Co0.350 Fe0.200 Mn0.200 Ni0.250 ,0,7,0.6128,0,8.65,1.061838029,11.28926438,-3.68,5262.085652,0.791573809,1.25155,0.133464415,1.8115,1.0705,1715.3,0.059976757,4.0865,0,0.35,0,0.2,0.25,0,0,0,0,0.2,0,0,0,0,0,0,0,0,0,0,0,5.632644079
291,Co0.400 Fe0.200 Mn0.200 Ni0.200 ,0,7,0.6128,0,8.6,1.019803903,11.07635214,-3.52,5404.127036,0.784989199,1.2518,0.13251415,1.81,1.064,1717.4,0.060266615,4.084,0,0.4,0,0.2,0.2,0,0,0,0,0.2,0,0,0,0,0,0,0,0,0,0,0,5.179142011
292,Co0.200 Fe0.400 Mn0.200 Ni0.200 ,0,7,0.6128,0,8.4,1.019803903,11.07635214,-3.04,6286.558547,0.86087231,1.2498,0.128685664,1.8,1.068,1725.4,0.062899965,4.062,0,0.2,0,0.4,0.2,0,0,0,0,0.2,0,0,0,0,0,0,0,0,0,0,0,5.235823868
293,Co0.250 Fe0.350 Mn0.200 Ni0.200 ,0,7,0.6128,0,8.45,1.023474475,11.28926438,-3.19,6099.033931,0.84534073,1.2503,0.129725672,1.8025,1.067,1723.4,0.062289167,4.0675,0,0.25,0,0.35,0.2,0,0,0,0,0.2,0,0,0,0,0,0,0,0,0,0,0,5.48148606
294,Co0.300 Fe0.300 Mn0.200 Ni0.200 ,0,7,0.6128,0,8.5,1.024695077,11.35887596,-3.32,5889.508759,0.827615241,1.2508,0.130709602,1.805,1.066,1721.4,0.061647457,4.073,0,0.3,0,0.3,0.2,0,0,0,0,0.2,0,0,0,0,0,0,0,0,0,0,0,5.844663963
295,Co0.350 Fe0.250 Mn0.200 Ni0.200 ,0,7,0.6128,0,8.55,1.023474475,11.28926438,-3.43,5659.114047,0.807556084,1.2513,0.13163871,1.8075,1.065,1719.4,0.060973689,4.0785,0,0.35,0,0.25,0.2,0,0,0,0,0.2,0,0,0,0,0,0,0,0,0,0,0,5.227678293
296,Co0.200 Fe0.250 Mn0.200 Ni0.350 ,0,7,0.6128,0,8.7,1.144552314,11.28926438,-3.94,4908.537771,0.822307013,1.25055,0.134521374,1.812,1.0845,1713.1,0.060109588,4.086,0,0.2,0,0.25,0.35,0,0,0,0,0.2,0,0,0,0,0,0,0,0,0,0,0,5.448550002
297,Co0.200 Fe0.300 Mn0.200 Ni0.300 ,0,7,0.6128,0,8.6,1.113552873,11.35887596,-3.68,5300.397228,0.835828109,1.2503,0.13272528,1.808,1.079,1717.2,0.061156478,4.078,0,0.2,0,0.3,0.3,0,0,0,0,0.2,0,0,0,0,0,0,0,0,0,0,0,5.235823868
298,Co0.200 Fe0.350 Mn0.200 Ni0.250 ,0,7,0.6128,0,8.5,1.072380529,11.28926438,-3.38,5749.174788,0.848673305,1.25005,0.130782262,1.804,1.0735,1721.3,0.062084384,4.07,0,0.2,0,0.35,0.25,0,0,0,0,0.2,0,0,0,0,0,0,0,0,0,0,0,5.152427341
299,Fe0.235 Cr0.176 Ni0.235 Mn0.235 Cu0.118 ,1,0,0,1,8.235294118,1.698768127,13.13047404,0.110726644,205496.9166,1.287428963,1.260235294,0.144543189,1.761176471,1.047058824,1732.914118,0.146143622,3.872941176,0,0,0.176470588,0.235294118,0.235294118,0.117647059,0,0,0,0.235294118,0,0,0,0,0,0,0,0,0,0,0,5.585026652
300,Fe0.222 Cr0.222 Ni0.222 Mn0.222 Cu0.111 ,1,0,0,1,8.111111111,1.728483243,13.14594406,0.098765432,233961.5379,1.300576617,1.261333333,0.142369715,1.755555556,1.04,1757.752222,0.151656925,3.885555556,0,0,0.222222222,0.222222222,0.222222222,0.111111111,0,0,0,0.222222222,0,0,0,0,0,0,0,0,0,0,0,5.226945307
301,Fe0.211 Cr0.263 Ni0.211 Mn0.211 Cu0.105 ,1,0,0,1,8,1.747178176,13.07353958,0.088642659,262521.275,1.307292636,1.262315789,0.140205627,1.750526316,1.033684211,1779.975789,0.155095156,3.896842105,0,0,0.263157895,0.210526316,0.210526316,0.105263158,0,0,0,0.210526316,0,0,0,0,0,0,0,0,0,0,0,5.3400838
302,Fe0.312 Co0.312 Ni0.312 Al0.062 ,0,7,0.6128,0,8.625,1.653594569,10.50732398,-5.234375,3443.061251,3.593807301,1.257625,0.071302064,1.856875,1.200625,1715.210625,0.119202012,4.30875,0.0625,0.3125,0,0.3125,0.3125,0,0,0,0,0,0,0,0,0,0,0,0,0,0,0,0,4.258060922
303,Fe0.308 Co0.308 Ni0.308 Al0.062 Y0.015 ,0,7,0.6128,0,8.538461538,1.780897985,11.00656452,-6.240946746,3027.227339,6.368442787,1.266,0.105593168,1.847076923,1.210923077,1716.499692,0.118345288,4.309692308,0.061538462,0.307692308,0,0.307692308,0.307692308,0,0,0,0,0,0,0,0,0,0,0,0,0,0,0,0.015384615,4.347753659
304,Fe0.303 Co0.303 Ni0.303 Al0.061 Y0.030 ,0,7,0.6128,0,8.454545455,1.892423636,11.31797395,-7.184573003,2705.998855,8.114362696,1.274121212,0.129802421,1.837575758,1.220909091,1717.749697,0.117506399,4.310606061,0.060606061,0.303030303,0,0.303030303,0.303030303,0,0,0,0,0,0,0,0,0,0,0,0,0,0,0,0.03030303,4.928117993
305,Fe0.294 Co0.294 Ni0.294 Al0.059 Y0.059 ,0,7,0.6128,0,8.294117647,2.079725827,11.74934157,-8.899653979,2270.931604,10.49785385,1.289647059,0.165047964,1.819411765,1.24,1720.139412,0.115879782,4.312352941,0.058823529,0.294117647,0,0.294117647,0.294117647,0,0,0,0,0,0,0,0,0,0,0,0,0,0,0,0.058823529,4.76700389
306,Fe0.286 Co0.286 Ni0.286 Al0.057 Y0.086 ,0,7,0.6128,0,8.142857143,2.231499907,12.03874679,-10.40979592,1991.916864,12.14476876,1.304285714,0.190878955,1.802285714,1.258,1722.392571,0.114317717,4.314,0.057142857,0.285714286,0,0.285714286,0.285714286,0,0,0,0,0,0,0,0,0,0,0,0,0,0,0,0.085714286,4.525783736
307,Co0.200 Cr0.200 Fe0.200 Ni0.200 Sn0.200 ,0,7,0.6128,0,7.4,2.154065923,13.38161053,0.32,66799.82885,11.05949708,1.3276,0.103033975,1.848,1.626,1597.412,0.356621086,4.07,0,0.2,0.2,0.2,0.2,0,0,0,0,0,0,0,0,0,0,0,0.2,0,0,0,0,7.437707136
308,Al0.172 Cr0.172 Mn0.172 Fe0.172 Ni0.172 Cu0.138 ,2,13,0,0,7.379310345,2.591947651,14.87154905,-6.230677765,3806.818472,5.093264423,1.29162069,0.141941691,1.737931034,1.377586207,1594.928621,0.246104834,3.779655172,0.172413793,0,0.172413793,0.172413793,0.172413793,0.137931034,0,0,0,0.172413793,0,0,0,0,0,0,0,0,0,0,0,5.202732459
309,Co0.196 Cr0.196 Cu0.020 Fe0.196 Mo0.196 Ni0.196 ,0,7,0.5,0,7.862745098,1.64519035,13.9216461,-3.629373318,7905.395339,4.316568957,1.281529412,0.159591462,1.888235294,1.107843137,2060.936667,0.216774079,4.780196078,0,0.196078431,0.196078431,0.196078431,0.196078431,0.019607843,0,0,0,0,0.196078431,0,0,0,0,0,0,0,0,0,0,6.314258261
310,Fe0.200 Co0.200 Ni0.200 Al0.150 Cr0.250 ,0,7,0.5,0,7.35,2.308137778,13.27656913,-10.62,2182.014763,5.031559883,1.2824,0.117536165,1.7805,1.3295,1745.4055,0.219732507,4.1555,0.15,0.2,0.25,0.2,0.2,0,0,0,0,0,0,0,0,0,0,0,0,0,0,0,0,6.795880017
311,Co0.196 Cr0.196 Cu0.020 Fe0.196 Mo0.196 Ni0.196 ,2,13,0,0,7.862745098,1.64519035,13.9216461,-3.629373318,7905.395339,4.316568957,1.281529412,0.159591462,1.888235294,1.107843137,2060.936667,0.216774079,4.780196078,0,0.196078431,0.196078431,0.196078431,0.196078431,0.019607843,0,0,0,0,0.196078431,0,0,0,0,0,0,0,0,0,0,6.026872146
312,Fe0.200 Co0.200 Ni0.200 Al0.150 Cr0.250 ,2,13,0,0,7.35,2.308137778,13.27656913,-10.62,2182.014763,5.031559883,1.2824,0.117536165,1.7805,1.3295,1745.4055,0.219732507,4.1555,0.15,0.2,0.25,0.2,0.2,0,0,0,0,0,0,0,0,0,0,0,0,0,0,0,0,6.302770657
313,Co0.196 Cr0.196 Cu0.020 Fe0.196 Mo0.196 Ni0.196 ,1,0,0,0.5,7.862745098,1.64519035,13.9216461,-3.629373318,7905.395339,4.316568957,1.281529412,0.159591462,1.888235294,1.107843137,2060.936667,0.216774079,4.780196078,0,0.196078431,0.196078431,0.196078431,0.196078431,0.019607843,0,0,0,0,0.196078431,0,0,0,0,0,0,0,0,0,0,5.42365865
314,Fe0.200 Co0.200 Ni0.200 Al0.150 Cr0.250 ,1,0,0,0.5,7.35,2.308137778,13.27656913,-10.62,2182.014763,5.031559883,1.2824,0.117536165,1.7805,1.3295,1745.4055,0.219732507,4.1555,0.15,0.2,0.25,0.2,0.2,0,0,0,0,0,0,0,0,0,0,0,0,0,0,0,0,3.476253533
315,Mo0.250 Nb0.250 Ti0.250 Zr0.250 ,0,7,0.6128,0,4.75,0.829156198,11.52629192,-2.5,11171.28213,5.462853257,1.471,0.306950729,1.6575,1.335,2423,0.16648805,6.3725,0,0,0,0,0,0,0.25,0,0,0,0.25,0.25,0,0,0.25,0,0,0,0,0,0,5.36552273
316,Cr0.111 Mo0.222 Nb0.222 Ti0.222 Zr0.222 ,0,7,0.6128,0,4.888888889,0.874889764,13.14594406,-4.543209877,6932.913695,6.667195201,1.449777778,0.289396989,1.657777778,1.288888889,2396,0.16190357,6.12,0,0,0.111111111,0,0,0,0.222222222,0,0,0,0.222222222,0.222222222,0,0,0.222222222,0,0,0,0,0,0,6.22184875
317,Cr0.200 Mo0.200 Nb0.200 Ti0.200 Zr0.200 ,0,7,0.6128,0,5,0.894427191,13.38161053,-5.76,5516.197228,7.320979558,1.4328,0.274546899,1.658,1.252,2374.4,0.157376845,5.918,0,0,0.2,0,0,0,0.2,0,0,0,0.2,0.2,0,0,0.2,0,0,0,0,0,0,5.17327748
318,Cr0.273 Mo0.182 Nb0.182 Ti0.182 Zr0.182 ,0,7,0.6128,0,5.090909091,0.899954085,13.2546386,-6.479338843,4821.104288,7.698513292,1.418909091,0.261770829,1.658181818,1.221818182,2356.727273,0.15302667,5.752727273,0,0,0.272727273,0,0,0,0.181818182,0,0,0,0.181818182,0.181818182,0,0,0.181818182,0,0,0,0,0,0,5.498940738
